Workbook

Sheet 工作表2
A1: 2500004214 | B1: NRND IC VOL REF ADJ 2.495V 100mA 1% | C1: TL431ACLPM
A2: 2500005303 | B2: NRND IC REGU 5V 100mA 5% SOIC-8P SMD | C2: UA78L05ACDR
A3: 2500050014 | B3: IC VOL REF 2.5V 15mA 1% SOT-23-3P SMD | C3: LM4040D25IDBZR
A4: 2500050311 | B4: IC VOL REF 5V 15mA 0.5% SOT-23-3P SMD | C4: LM4040CIM3X-5.0/NOPB
A5: 2500050314 | B5: IC VOL REF 5V 15mA 0.5% SOT-23-3P SMD | C5: LM4040C50IDBZR
A6: 2500050511 | B6: IC VOL REF 5V 15mA 0.2% SOT-23-3P SMD | C6: LM4040BIM3X-5.0/NOPB
A7: 2500050814 | B7: IC VOL REF 2.5V 25mA 0.5% SOT-23-3P SMD | C7: LM4040C25IDBZR
A8: 2500060714 | B8: IC VOL REF ADJ 2.495V 100mA 1% SOT-89-3P | C8: TL431AIPK
A9: 2500102111 | B9: IC REGU 5V 0.1A 0.5% SO-8P SMD | C9: LP2951ACMX/NOPB
A10: 2500102614 | B10: IC REGU 5V 100mA 0.5% SOIC-8P SMD | C10: LP2951-50DR
A11: 2500142914 | B11: IC VOL REF ADJ 1.24V 15mA 1% SOT-23-5P | C11: TLV431AIDBVR
A12: 2500144414 | B12: IC REGU 12V 0.1A 5% SOT-89-3P SMD | C12: UA78L12ACPK
... A351: 2633036208 | B351: IC ASIC MCU HLQFP-176P SMD | C351: TMS320F2837HDPTPT

Sheet Sheet3
A3: 差異説明 | B3: Vedor P/N | C3: PCN 單號(規格） | D3: Sum of DSW1 | E3: Sum of IMW1 | F3: Sum of PSW1 | G3: Sum of TPW1 | H3: Sum of UPW1
A4: HVP-ACDC | B4: UC2842AD8TR | C4: (blank) | E4: 185000
B5: UC2843ADTR | C5: (blank)
B6: UC2843AQD8RQ1 | C6: PCN10H21020250314053135
B7: UC2843D8TR | C7: (blank) | F7: 12500
B8: UC2844ADTR | C8: N
B9: UC2844AQD8R | C9: 否 | E9: 60000 | G9: 2500 | H9: 5000
B10: UC2845AD8TR | C10: (blank) | H10: 17500
B11: UC2845AQD8R | C11: PCN10H21020250314053135 | G11: 29500
B12: UC3845AD8TR | C12: (blank) | G12: 5000 | H12: 420000
B13: UCC28065DR | C13: N
B14: UCC28951QPWRQ1 | C14: (blank)
B15: UCC2895PWTR | C15: PCN10H21020250529091608 PCN10H21020250317102220
A16: HVP-DBB | B16: ISO5452DWR | C16: PCN10H21020241118055211 | E16: 148000
B17: ISO5852SDWR | C17: PCN10H21020250314113012 PCN10H21020241226120620
B18: SN6505BDBVR | C18: (blank) | E18: 7780 | H18: 3000
B19: UCC21220ADR | C19: PCN10H21020241226041235 | G19: 130000
B20: UCC21220DR | C20: PCN10H21020260407161104 | G20: 7500
B21: UCC21222DR | C21: PCN10H21020260407161104 | G21: 7500
B22: UCC21520ADWR | C22: (blank) | G22: 120000
B23: UCC21520DWR | C23: (blank) | G23: 134000 | H23: 70000
B24: UCC21530DWKR | C24: PCN10H21020241226041235 | H24: 16000
B25: UCC27211AQDDARQ1 | C25: (blank) | G25: 402500
B26: UCC27282DRCR | C26: PCN10H21020220610044559-Y
B27: UCC27322DR | C27: PCN10H21020240221114349 | G27: 5000
B28: UCC27424DGNR | C28: PCN10H21020240221114349 | G28: 31500
B29: UCC27424DR | C29: (blank) | G29: 77500 | H29: 17500
B30: UCC27425DR | C30: PCN10H21020240221114349-Y | H30: 50
B31: UCC27524ADGNR | C31: PCN10H21020250106100555 | G31: 10000
B32: UCC27524DGNR | C32: PCN10H21020250106100555 | G32: 2500 | H32: 2500
B33: UCC27524DR | C33: (blank) | G33: 162500 | H33: 2500
B34: UCC27525DR | C34: (blank) | G34: 100000
B35: UCC5350MCDR | C35: PCN10H21020250317034614 | G35: 2500
B36: UCC5390SCDR | C36: PCN10H21020250317034614 | G36: 2500 | H36: 17500
B39: 20250528000
B40: 20221215001
B41: 20220601000

Sheet WK 0731
A1: DELTA PN | B1: Vedor P/N | C1: PCN 單號(規格） | D1: Sum of DSW1 | E1: Sum of IMW1 | F1: Sum of PSW1 | G1: Sum of TPW1 | H1: Sum of UPW1 | I1: Comparison | J1: TI PCN# | K1: TI PCN# 2 | L1: TI PCN# 3 | M1: Post-PCN 1st DC | N1: Comments
A2: =VLOOKUP(B:B,匯總表!A:C,3,FALSE) -> 2510569314 | B2: TPS5410DR | C2: PCN10H21020250917125432 | G2: 82500 | H2: 2500 | I2: RE PCN影响确认_TPS5430DDAR2510455714_TPW1 | J2: 20231219004 | K2: 20260427001 | L2: 20240424000
A3: =VLOOKUP(B:B,匯總表!A:C,3,FALSE) -> 2510569814 | B3: TPS5420DR | C3: PCN10H21020250917125432 PCN10H21020250901144202 PCN10H21020250318114142 | G3: 17000 | I3: RE PCN影响确认_TPS5430DDAR2510455714_TPW1 | J3: 20231219004 | K3: 20260427001 | L3: 20240424000
A4: =VLOOKUP(B:B,匯總表!A:C,3,FALSE) -> 2510455714 | B4: TPS5430DDAR | C4: PCN10H21020250318114142 PCN10H21020250901144202 PCN10H21020250917125432 | I4: RE PCN影响确认_TPS5430DDAR2510455714_TPW1 | J4: 20231219004 | K4: 20260427001 | L4: 20240424000
A5: =VLOOKUP(B:B,匯總表!A:C,3,FALSE) -> 2510455714 | B5: TPS5430DDAR | C5: PCN10H21020250901144202 PCN10H21020250318114142 | E5: 12500 | G5: 122500 | H5: 5000 | I5: RE PCN影响确认_TPS5430DDAR2510455714_TPW1 | J5: 20231219004 | K5: 20260427001 | L5: 20240424000
A6: =VLOOKUP(B:B,匯總表!A:C,3,FALSE) -> 2520124114 | B6: LM224ADR | C6: PCN10H21020241231051413 | G6: 7500 | I6: Part Number -Differencecomparisontable_risk assessment table_LM2902KAVQPWR | J6: 2.0241119e+10
A7: =VLOOKUP(B:B,匯總表!A:C,3,FALSE) -> 2520124014 | B7: LM224DR | C7: 否 | E7: 85000 | I7: Part Number -Differencecomparisontable_risk assessment table_LM2902KAVQPWR | J7: 2.0241119e+10
A8: =VLOOKUP(B:B,匯總表!A:C,3,FALSE) -> 2520036014 | B8: LM2902DR | C8: PCN10H21020241231051413 | G8: 5000 | I8: Part Number -Differencecomparisontable_risk assessment table_LM2902KAVQPWR | J8: 2.0241119e+10
A9: =VLOOKUP(B:B,匯總表!A:C,3,FALSE) -> 2520036614 | B9: LM2902KAVQPWR | C9: (blank) | G9: 18000 | I9: Part Number -Differencecomparisontable_risk assessment table_LM2902KAVQPWR | J9: 2.0241119e+10
A10: =VLOOKUP(B:B,匯總表!A:C,3,FALSE) -> 2520036614M | B10: LM2902KAVQPWRQ1 | C10: (blank) | I10: Part Number -Differencecomparisontable_risk assessment table_LM2902KAVQPWR | J10: 2.0241119e+10
A11: =VLOOKUP(B:B,匯總表!A:C,3,FALSE) -> 2522014814 | B11: LM2902KVQDR | C11: (blank) | I11: Part Number -Differencecomparisontable_risk assessment table_LM2902KAVQPWR | J11: 2.0241119e+10
A12: =VLOOKUP(B:B,匯總表!A:C,3,FALSE) -> 2520036314 | B12: LM2902PWR | C12: (blank) | G12: 212000 | I12: Part Number -Differencecomparisontable_risk assessment table_LM2902KAVQPWR | J12: 2.0241119e+10
A13: =VLOOKUP(B:B,匯總表!A:C,3,FALSE) -> 2520016214 | B13: LM324ADR | C13: (blank) | H13: 15000 | I13: Part Number -Differencecomparisontable_risk assessment table_LM2902KAVQPWR | J13: 2.0241119e+10
A14: =VLOOKUP(B:B,匯總表!A:C,3,FALSE) -> 2520016414 | B14: LM324DR | C14: PCN10H21020241231051413 | H14: 5000 | I14: Part Number -Differencecomparisontable_risk assessment table_LM2902KAVQPWR | J14: 2.0241119e+10
A15: =VLOOKUP(B:B,匯總表!A:C,3,FALSE) -> 2520016014 | B15: LM324N | C15: PCN10H21020250106035959 PCN10H21020241231051413 PCN10H21020241231044210 PCN10H21020241231050033 | H15: 2000 | I15: Part Number -Differencecomparisontable_risk assessment table_LM2902KAVQPWR | J15: 2.0241119e+10
A16: =VLOOKUP(B:B,匯總表!A:C,3,FALSE) -> 2540709608 | B16: UCC21220ADR | C16: PCN10H21020241226041235 | G16: 130000 | I16: Megatron and Skywarp PCN update - V3 | J16: 20241112000 | K16: 20241209000 | L16: 20240405000 | M16: 2543 | N16: Pre-PCN needs to move to SN21220ADR
A17: =VLOOKUP(B:B,匯總表!A:C,3,FALSE) -> 2540597808 | B17: UCC21220DR | C17: PCN10H21020260407161104 | G17: 7500 | I17: Megatron and Skywarp PCN update - V3 | J17: 20241112000 | K17: 20241209000 | L17: 20240405000 | M17: no PCN | N17: Confirmed to hold PCN for UCC21220DR (non-A) and UCC21222DR
A18: =VLOOKUP(B:B,匯總表!A:C,3,FALSE) -> 2540739508 | B18: UCC21222DR | C18: PCN10H21020260407161104 | G18: 7500 | I18: Megatron and Skywarp PCN update - V3 | J18: 20241112000 | K18: 20241209000 | L18: 20240405000 | M18: no PCN | N18: Confirmed to hold PCN for UCC21220DR (non-A) and UCC21222DR
A19: =VLOOKUP(B:B,匯總表!A:C,3,FALSE) -> 2540723308 | B19: UCC21520ADWR | C19: (blank) | G19: 120000 | I19: Megatron and Skywarp PCN update - V3 | J19: 20241112000 | K19: 20241209000 | L19: 20240405000 | N19: UCC21520DWR, UCC21530, UCC21540 no system impact
A20: =VLOOKUP(B:B,匯總表!A:C,3,FALSE) -> 2540715608 | B20: UCC21520DWR | C20: (blank) | G20: 134000 | H20: 70000 | I20: Megatron and Skywarp PCN update - V3 | J20: 20241112000 | K20: 20241209000 | L20: 20240405000 | N20: UCC21520DWR, UCC21530, UCC21540 no system impact
A21: =VLOOKUP(B:B,匯總表!A:C,3,FALSE) -> 2540764808 | B21: UCC21530DWKR | C21: PCN10H21020241226041235 | H21: 16000 | I21: Megatron and Skywarp PCN update - V3 | J21: 20241112000 | K21: 20241209000 | L21: 20240405000 | N21: UCC21520DWR, UCC21530, UCC21540 no system impact
A22: =VLOOKUP(B:B,匯總表!A:C,3,FALSE) -> 2600092408 | B22: SN74LVC08ADR | C22: PCN10H21020250326051746 | G22: 470 | H22: 552500 | I22: Delta_PCN_Logics (260106) | J22: 20240730002 | K22: 20250306000
A23: =VLOOKUP(B:B,匯總表!A:C,3,FALSE) -> 2600077908 | B23: SN74LVC32ADR | C23: PCN10H21020250326051746 PCN10H21020250325042300 | G23: 550 | H23: 20000 | I23: Delta_PCN_Logics (260106) | J23: 20240730002 | K23: 20250306000
A24: =VLOOKUP(B:B,匯總表!A:C,3,FALSE) -> #N/A | B24: SN74LVC125ADBR | C24: (blank) | I24: Delta_PCN_Logics (260106) | J24: 20240730002 | K24: 20250306000
A25: =VLOOKUP(B:B,匯總表!A:C,3,FALSE) -> 2600116608 | B25: SN74LVC244APWR | C25: (blank) | E25: 622000 | I25: Delta_PCN_Logics (260106) | J25: 20240730002 | K25: 20250306000
A26: =VLOOKUP(B:B,匯總表!A:C,3,FALSE) -> 2600354608 | B26: SN74LVC244ARGYR | C26: (blank) | E26: 36000 | I26: Delta_PCN_Logics (260106) | J26: 20240730002 | K26: 20250306000
A27: =VLOOKUP(B:B,匯總表!A:C,3,FALSE) -> 2600126408 | B27: SN74AHCT1G04DBVR | C27: (blank) | E27: 387000 | I27: Delta_PCN_Logics (260106) | J27: 20240730002 | K27: 20250306000
A28: =VLOOKUP(B:B,匯總表!A:C,3,FALSE) -> 2600212208 | B28: SN74ACT240PWR | C28: (blank) | E28: 156000 | I28: Delta_PCN_Logics (260106) | J28: 20240730002 | K28: 20250306000
A29: =VLOOKUP(B:B,匯總表!A:C,3,FALSE) -> 2610290108 | B29: SN74AHC1G08DBVR | C29: PCN10H21020250325033359 | G29: 12000 | I29: Delta_PCN_Logics (260106) | J29: 20240730002 | K29: 20250306000
A30: =VLOOKUP(B:B,匯總表!A:C,3,FALSE) -> 2600212208 | B30: SN74ACT240PWR | C30: (blank) | E30: 156000 | I30: SN74AHC1G08DBVR Difference comparison table Risk Assessment | J30: 20231219000
A31: =VLOOKUP(B:B,匯總表!A:C,3,FALSE) -> 2610290108 | B31: SN74AHC1G08DBVR | C31: PCN10H21020250325033359 | G31: 12000 | I31: SN74AHC1G08DBVR Difference comparison table Risk Assessment | J31: 20231219000
A32: =VLOOKUP(B:B,匯總表!A:C,3,FALSE) -> 2600259408 | B32: SN74AHC1G09DBVR | C32: PCN10H21020240226113556 | E32: 3000 | I32: SN74AHC1G08DBVR Difference comparison table Risk Assessment | J32: 20231219000
A33: =VLOOKUP(B:B,匯總表!A:C,3,FALSE) -> 2600037808 | B33: SN74AHC1G126DBVR | C33: (blank) | E33: 48000 | I33: SN74AHC1G08DBVR Difference comparison table Risk Assessment | J33: 20231219000
A34: =VLOOKUP(B:B,匯總表!A:C,3,FALSE) -> 2600157208 | B34: SN74AHC1G86DBVR | C34: (blank) | E34: 18000 | I34: SN74AHC1G08DBVR Difference comparison table Risk Assessment | J34: 20231219000
A35: =VLOOKUP(B:B,匯總表!A:C,3,FALSE) -> 2600126408 | B35: SN74AHCT1G04DBVR | C35: (blank) | E35: 387000 | I35: SN74AHC1G08DBVR Difference comparison table Risk Assessment | J35: 20231219000
A36: =VLOOKUP(B:B,匯總表!A:C,3,FALSE) -> 2600029608 | B36: SN74AHCT1G08DBVR | C36: PCN10H21020240226113556 | E36: 3000 | I36: SN74AHC1G08DBVR Difference comparison table Risk Assessment | J36: 20231219000
A37: =VLOOKUP(B:B,匯總表!A:C,3,FALSE) -> 2600178008 | B37: SN65176BDR | C37: (blank) | E37: 405000 | G37: 10600 | H37: 7500 | I37: SN65176BDR-Differencecomparisontable_risk assessment table | J37: 20210811000 | K37: 20211123004 | L37: 20211229001
A38: =VLOOKUP(B:B,匯總表!A:C,3,FALSE) -> 2520041214 | B38: OP07CDR | C38: (blank) | G38: 2500 | I38: Differencecomparisontable_risk assessment table_OP07CDR, OP07C Redbull Differences - Input Offset Null (002) | J38: 20231031008
A39: =VLOOKUP(B:B,匯總表!A:C,3,FALSE) -> 2600135808 | B39: SN74LVC1G04DCKR | C39: (blank) | D39: 9000 | E39: 219000 | G39: 15250 | I39: SN74LVC1G04DCKR Delta Risk Assessment(0514) | J39: 20251104000 | K39: 20260313003
A40: =VLOOKUP(B:B,匯總表!A:C,3,FALSE) -> 2600005908 | B40: SN74LVC1G06DCKR | C40: (blank) | E40: 12000 | I40: SN74LVC1G04DCKR Delta Risk Assessment(0514) | J40: 20251104000 | K40: 20260313003
A41: =VLOOKUP(B:B,匯總表!A:C,3,FALSE) -> 26001742BS | B41: SN74LVC1G07DCKR | C41: PCN10H21020251113114646-Y | I41: SN74LVC1G04DCKR Delta Risk Assessment(0514) | J41: 20251104000 | K41: 20260313003
A42: =VLOOKUP(B:B,匯總表!A:C,3,FALSE) -> #N/A | C42: (blank) | D42: 6000 | E42: 21000 | G42: 66000 | I42: SN74LVC1G04DCKR Delta Risk Assessment(0514) | J42: 20251104000 | K42: 20260313003
A43: =VLOOKUP(B:B,匯總表!A:C,3,FALSE) -> 2600037508 | B43: SN74LVC1G126DCKR | C43: (blank) | D43: 12000 | E43: 525000 | I43: SN74LVC1G04DCKR Delta Risk Assessment(0514) | J43: 20251104000 | K43: 20260313003
A44: =VLOOKUP(B:B,匯總表!A:C,3,FALSE) -> 2600210008 | B44: SN74LVC1G14DCKR | C44: (blank) | E44: 57000 | I44: SN74LVC1G04DCKR Delta Risk Assessment(0514) | J44: 20251104000 | K44: 20260313003
A45: =VLOOKUP(B:B,匯總表!A:C,3,FALSE) -> 2600189008 | B45: SN74LVC1G17DCKR | C45: (blank) | D45: 21000 | E45: 21000 | H45: 3000 | I45: SN74LVC1G04DCKR Delta Risk Assessment(0514) | J45: 20251104000 | K45: 20260313003
A46: =VLOOKUP(B:B,匯總表!A:C,3,FALSE) -> 2600194108 | B46: SN74LVC1G34DCKR | C46: (blank) | E46: 333000 | I46: SN74LVC1G04DCKR Delta Risk Assessment(0514) | J46: 20251104000 | K46: 20260313003
A47: =VLOOKUP(B:B,匯總表!A:C,3,FALSE) -> 2600356408 | B47: SN74LVC1G373DCKR | C47: N | I47: SN74LVC1G04DCKR Delta Risk Assessment(0514) | J47: 20251104000 | K47: 20260313003
A48: =VLOOKUP(B:B,匯總表!A:C,3,FALSE) -> 2520042314 | B48: ISO124U/1K | C48: (blank) | I48: 20250319003 risk assessment | J48: 20250319003
A49: =VLOOKUP(B:B,匯總表!A:C,3,FALSE) -> #N/A | B49: ISO6721FBDR
A50: =VLOOKUP(B:B,匯總表!A:C,3,FALSE) -> 2540796108 | B50: ISO6721BDR
A51: =VLOOKUP(B:B,匯總表!A:C,3,FALSE) -> #N/A | B51: ISO6721FBDR
A52: =VLOOKUP(B:B,匯總表!A:C,3,FALSE) -> #N/A | B52: ISO6721FBDR
A53: =VLOOKUP(B:B,匯總表!A:C,3,FALSE) -> 2540796108 | B53: ISO6721BDR
A54: =VLOOKUP(B:B,匯總表!A:C,3,FALSE) -> 2542024208 | B54: ISO6720FBDR
A55: =VLOOKUP(B:B,匯總表!A:C,3,FALSE) -> 2542024208 | B55: ISO6720FBDR | C55: PCN10H21020230310110902 | G55: 24000 | J55: 20230208000
A56: =VLOOKUP(B:B,匯總表!A:C,3,FALSE) -> 2540796108 | B56: ISO6721BDR | C56: (blank) | G56: 105000 | H56: 42000 | J56: 20230208000
A57: =VLOOKUP(B:B,匯總表!A:C,3,FALSE) -> 2542018608 | B57: ISO6721FQDWVRQ1 | C57: N | G57: 50 | J57: 20230208000
A58: =VLOOKUP(B:B,匯總表!A:C,3,FALSE) -> 2540601308 | B58: UCC27524ADGNR | C58: PCN10H21020250106100555 | G58: 10000 | I58: UCC27524_UCC27524A-Differencecomparisontable_risk assessment table_Rev1.1 | J58: 20240626001
A59: =VLOOKUP(B:B,匯總表!A:C,3,FALSE) -> 2540552408 | B59: UCC27524DGNR | C59: PCN10H21020250106100555 | G59: 2500 | H59: 2500 | I59: UCC27524_UCC27524A-Differencecomparisontable_risk assessment table_Rev1.1 | J59: 20240626001
A60: =VLOOKUP(B:B,匯總表!A:C,3,FALSE) -> 2540536508 | B60: UCC27524DR | C60: (blank) | G60: 162500 | H60: 2500 | I60: UCC27524_UCC27524A-Differencecomparisontable_risk assessment table_Rev1.1 | J60: 20240626001
A61: =VLOOKUP(B:B,匯總表!A:C,3,FALSE) -> 2540605108 | B61: UCC27525DR | C61: (blank) | G61: 100000 | I61: UCC27524_UCC27524A-Differencecomparisontable_risk assessment table_Rev1.1 | J61: 20240626001
A62: =VLOOKUP(B:B,匯總表!A:C,3,FALSE) -> 2540394408 | B62: UCC27322DR | C62: PCN10H21020240221114349 | G62: 5000 | I62: Quartz UCC27324 PCN Explanation - DBB Standard | J62: 20231130005 | K62: 20240826012
A63: =VLOOKUP(B:B,匯總表!A:C,3,FALSE) -> 2540394708 | B63: UCC27424DGNR | C63: PCN10H21020240221114349 | G63: 31500 | I63: Quartz UCC27324 PCN Explanation - DBB Standard | J63: 20231130005 | K63: 20240826012
A64: =VLOOKUP(B:B,匯總表!A:C,3,FALSE) -> 2540059608 | B64: UCC27424DR | C64: (blank) | G64: 77500 | H64: 17500 | I64: Quartz UCC27324 PCN Explanation - DBB Standard | J64: 20231130005 | K64: 20240826012
A65: =VLOOKUP(B:B,匯總表!A:C,3,FALSE) -> 2540536108 | B65: UCC27425DR | C65: PCN10H21020240221114349-Y | H65: 50 | I65: Quartz UCC27324 PCN Explanation - DBB Standard | J65: 20231130005 | K65: 20240826012
A66: =VLOOKUP(B:B,匯總表!A:C,3,FALSE) -> 2540296108 | B66: ADS8684IDBTR | C66: (blank) | H66: 2000 | I66: Minor change, A/T and marking change only | J66: 20250630000 | K66: 20250630000 | L66: 20211123002
A67: =VLOOKUP(B:B,匯總表!A:C,3,FALSE) -> 2500235514 | B67: LP2985A-33DBVR | C67: PCN10H21020240911110514 | G67: 6000 | I67: Delta Risk Assessment LP2985A-33DBVR.xlsx | J67: 20260220001 | K67: 20250919000 | L67: 20240203000 | M67: 20230906001
A68: =VLOOKUP(B:B,匯總表!A:C,3,FALSE) -> 2500235614 | B68: LP2985A-50DBVR | C68: PCN10H21020240911110514 | G68: 12000 | H68: 100 | I68: Delta Risk Assessment LP2985A-33DBVR.xlsx | J68: 20260220001 | K68: 20250919000 | L68: 20240203000 | M68: 20230906001
A69: =VLOOKUP(B:B,匯總表!A:C,3,FALSE) -> 2500436014 | B69: LP2985-50DBVR | C69: (blank) | G69: 345000 | I69: Delta Risk Assessment LP2985A-33DBVR.xlsx | J69: 20260220001 | K69: 20250919000 | L69: 20240203000 | M69: 20230906001
A70: =VLOOKUP(B:B,匯總表!A:C,3,FALSE) -> 2500242414 | B70: LP2980AIM5-3.3/NOPB | C70: (blank) | I70: Delta Risk Assessment LP2985A-33DBVR.xlsx | J70: 20260220001 | K70: 20250919000 | L70: 20240203000 | M70: 20230906001
A71: =VLOOKUP(B:B,匯總表!A:C,3,FALSE) -> 2500235014 | B71: LP2985-33DBVR | C71: (blank) | G71: 105000 | H71: 3000 | I71: Delta Risk Assessment LP2985A-33DBVR.xlsx | J71: 20260220001 | K71: 20250919000 | L71: 20240203000 | M71: 20230906001
A72: =VLOOKUP(B:B,匯總表!A:C,3,FALSE) -> 2500235714 | B72: LP2985A-18DBVR | C72: PCN10H21020240911110514 | G72: 6000 | I72: Delta Risk Assessment LP2985A-33DBVR.xlsx | J72: 20260220001 | K72: 20250919000 | L72: 20240203000 | M72: 20230906001
A73: =VLOOKUP(B:B,匯總表!A:C,3,FALSE) -> 2520088414 | B73: TL3474AIPWR | C73: PCN10H21020250530035323 | E73: 42000 | L73: 20221216011
A74: =VLOOKUP(B:B,匯總表!A:C,3,FALSE) -> 2522015014 | B74: TLV9154IPWR | C74: PCN10H21020250530035323 | G74: 4000 | L74: 20221216011
A75: =VLOOKUP(B:B,匯總表!A:C,3,FALSE) -> 2522017214 | B75: OPA4991IPWR | C75: PCN10H21020250530035323 | G75: 4000 | I75: OPA4991IPWR -Differencecomparisontable_risk assessment table.XLSX | J75: 20250508000 | K75: 20231207005 | L75: 20221216011
A76: =VLOOKUP(B:B,匯總表!A:C,3,FALSE) -> 2600354008 | B76: SN74ACT244PWR | C76: (blank) | H76: 116000 | I76: Differencecomparisontable_risk assessment table_SN74AHC1G04DCKR_SN74ACT244PWR | J76: 20240327004 | K76: 20241004002 | L76: 20231207005
A77: =VLOOKUP(B:B,匯總表!A:C,3,FALSE) -> 2600192508 | B77: SN74AHC1G04DCKR | C77: PCN10H21020240206111052 | H77: 9000 | I77: Differencecomparisontable_risk assessment table_SN74AHC1G04DCKR_SN74ACT244PWR | J77: 20240327004 | K77: 20241004002 | L77: 20231207005
A78: =VLOOKUP(B:B,匯總表!A:C,3,FALSE) -> 2510352514 | B78: TLC555IDR | C78: PCN10H21020240218094418 | H78: 10000 | I78: Delta_TLC555QDRQ1_PCN20260211000.xlsx | J78: 20260217004 | K78: 20260211000
A79: =VLOOKUP(B:B,匯總表!A:C,3,FALSE) -> 2510520614M | B79: TLC555QDRQ1 | C79: PCN10H21020241127043743 | H79: 400 | I79: Delta_TLC555QDRQ1_PCN20260211000.xlsx | J79: 20260217004 | K79: 20260211000
A80: =VLOOKUP(B:B,匯總表!A:C,3,FALSE) -> 2520291014 | B80: AMC1301DWVR | C80: (blank) | E80: 7000 | G80: 6000 | I80: Minor change new A/T only (20240610001.xls) | J80: 20240610001
A81: =VLOOKUP(B:B,匯總表!A:C,3,FALSE) -> 2520300414 | B81: AMC1311BDWVR | C81: PCN10H21020241127055440 | E81: 2000 | H81: 3000 | I81: Minor change only
A82: =VLOOKUP(B:B,匯總表!A:C,3,FALSE) -> 2520293814 | B82: AMC1311DWVR | C82: PCN10H21020241127055440 | G82: 7000 | H82: 6000 | I82: Minor change only
A83: =VLOOKUP(B:B,匯總表!A:C,3,FALSE) -> 2540469508 | B83: ADS1015IDGSR | C83: PCN10H21020250220054004 | I83: Minor change only
A84: =VLOOKUP(B:B,匯總表!A:C,3,FALSE) -> 2540384908 | B84: ADS1246IPWR | C84: PCN10H21020240426055251 | E84: 6000
A85: =VLOOKUP(B:B,匯總表!A:C,3,FALSE) -> 2540296108 | B85: ADS8684IDBTR | C85: (blank) | H85: 2000 | I85: Minor change only
A86: =VLOOKUP(B:B,匯總表!A:C,3,FALSE) -> 2540796108 | B86: ISO6721BDR | C86: PCN10H21020230310110902 | G86: 24000 | I86: PCN 20230208000.1_Supporting Data_NDA Restricted | J86: 2.0230208e+10 | K86: 20250417001 | L86: 20240605000
A87: =VLOOKUP(B:B,匯總表!A:C,3,FALSE) -> 2542024208 | B87: ISO6720FBDR | C87: (blank) | G87: 105000 | H87: 42000 | I87: PCN 20230208000.1_Supporting Data_NDA Restricted | J87: 2.0230208e+10 | K87: 20240605000
A88: =VLOOKUP(B:B,匯總表!A:C,3,FALSE) -> 2520004014 | B88: LM393P | C88: PCN10H21020251231120417 PCN10H21020250307103025 | H88: 3000 | I88: Delta_LM393_PCN20250514003 | J88: 20250514003
A89: =VLOOKUP(B:B,匯總表!A:C,3,FALSE) -> 2510069214 | B89: UC2842AD8TR | C89: (blank) | E89: 185000 | I89: Delta Risk Assessment - UCx84xA Jun02,2026 | J89: 20241015002 | K89: 20241015003
A90: =VLOOKUP(B:B,匯總表!A:C,3,FALSE) -> 2510129814 | B90: UC2843ADTR | C90: (blank) | I90: Delta Risk Assessment - UCx84xA Jun02,2026 | J90: 20241015002 | K90: 20241015003
A91: =VLOOKUP(B:B,匯總表!A:C,3,FALSE) -> 2510257914M | B91: UC2843AQD8RQ1 | C91: PCN10H21020250314053135 | I91: Delta Risk Assessment - UCx84xA Jun02,2026 | J91: 20241015002 | K91: 20241015003
A92: =VLOOKUP(B:B,匯總表!A:C,3,FALSE) -> 2510129114 | B92: UC2843D8TR | C92: (blank) | F92: 12500 | I92: Delta Risk Assessment - UCx84xA Jun02,2026 | J92: 20241015002 | K92: 20241015003
A93: =VLOOKUP(B:B,匯總表!A:C,3,FALSE) -> 2510074114 | B93: UC2844ADTR | C93: N | I93: Delta Risk Assessment - UCx84xA Jun02,2026 | J93: 20241015002 | K93: 20241015003
A94: =VLOOKUP(B:B,匯總表!A:C,3,FALSE) -> 2510074814 | B94: UC2844AQD8R | C94: 否 | E94: 60000 | G94: 2500 | H94: 5000 | I94: Delta Risk Assessment - UCx84xA Jun02,2026 | J94: 20241015002 | K94: 20241015003
A95: =VLOOKUP(B:B,匯總表!A:C,3,FALSE) -> 2510257514 | B95: UC2845AD8TR | C95: (blank) | H95: 17500 | I95: Delta Risk Assessment - UCx84xA Jun02,2026 | J95: 20241015002 | K95: 20241015003
A96: =VLOOKUP(B:B,匯總表!A:C,3,FALSE) -> 2510237814M | B96: UC2845AQD8R | C96: PCN10H21020250314053135 | G96: 29500 | I96: Delta Risk Assessment - UCx84xA Jun02,2026 | J96: 20241015002 | K96: 20241015003
A97: =VLOOKUP(B:B,匯總表!A:C,3,FALSE) -> 2510017414 | B97: UC3845AD8TR | C97: (blank) | G97: 5000 | H97: 420000 | I97: Delta Risk Assessment - UCx84xA Jun02,2026 | J97: 20241015002 | K97: 20241015003
A98: =VLOOKUP(B:B,匯總表!A:C,3,FALSE) -> 2600093608 | B98: SN74LV4052APWR | C98: (blank) | E98: 6000 | G98: 8250 | I98: CMS C2302139 - Rebull Phase 4_SWCH_LV-Wave5 | J98: 20240613005
A99: =VLOOKUP(B:B,匯總表!A:C,3,FALSE) -> 2600185808 | B99: SN74LV4051ADR | C99: (blank) | H99: 80000 | I99: CMS C2302139 - Rebull Phase 4_SWCH_LV-Wave5 | J99: 20240613005
A100: =VLOOKUP(B:B,匯總表!A:C,3,FALSE) -> 2510767814M | B100: UCC28951QPWRQ1 | C100: (blank) | I100: Delta Risk Assessment UCC28951QPWRQ1 | J100: 20230331000 | K100: 20250124001 | L100: 20231220001
...

Sheet Sheet1
A1: Vendor PN | B1: Risk Assessment File | C1: File Location | D1: Match
A2: ADS8684IDBTR | B2: 20250630000.xlsx | C2: C:/Users/a1253695/OneDrive - TEXAS INSTRUMENTS/Desktop/To Claude/PCN risk assesment table\DELTA Risk assessment files from BU\DCC\20250630000.xlsx | D2: YES
A3: ISO124U/1K | B3: 20250319003.xlsx | C3: C:/Users/a1253695/OneDrive - TEXAS INSTRUMENTS/Desktop/To Claude/PCN risk assesment table\DELTA Risk assessment files from BU\DCC\20250319003.xlsx | D3: YES
A4: LM224DR | B4: RE_ URGENT LM224DR PCN in Delta - Production Hold Due to PCN#20241119003_1(1) Material Discrepancies.msg | C4: C:/Users/a1253695/OneDrive - TEXAS INSTRUMENTS/Desktop/To Claude/PCN risk assesment table\20241119003.1\RE_ URGENT LM224DR PCN in Delta - Production Hold Due to PCN#20241119003_1(1) Material Discrepancies.msg | D4: YES
A5: LM2902DR | B5: Number -Differencecomparisontable_risk assessment table_LM2902DR.xlsx | C5: C:/Users/a1253695/OneDrive - TEXAS INSTRUMENTS/Desktop/To Claude/PCN risk assesment table\2520036014\Number -Differencecomparisontable_risk assessment table_LM2902DR.xlsx | D5: YES
A6: LM2902KAVQPWR | B6: Part Number -Differencecomparisontable_risk assessment table_LM2902KAVQPWR.xlsx | C6: C:/Users/a1253695/OneDrive - TEXAS INSTRUMENTS/Desktop/To Claude/PCN risk assesment table\20241119003.1\Part Number -Differencecomparisontable_risk assessment table_LM2902KAVQPWR.xlsx | D6: YES
A7: LP2985A-33DBVR | B7: Delta Risk Assessment LP2985A-33DBVR.xlsx | C7: C:/Users/a1253695/OneDrive - TEXAS INSTRUMENTS/Desktop/To Claude/PCN risk assesment table\20250919000\Delta Risk Assessment LP2985A-33DBVR.xlsx | D7: YES
A8: OP07CDR | B8: Differencecomparisontable_risk assessment table_OP07CDR.xlsx | C8: C:/Users/a1253695/OneDrive - TEXAS INSTRUMENTS/Desktop/To Claude/PCN risk assesment table\2520041214\Differencecomparisontable_risk assessment table_OP07CDR.xlsx | D8: YES
A9: OPA4991IPWR | B9: OPA4991IPWR -Differencecomparisontable_risk assessment table.XLSX | C9: C:/Users/a1253695/OneDrive - TEXAS INSTRUMENTS/Desktop/To Claude/PCN risk assesment table\20221216011\OPA4991IPWR -Differencecomparisontable_risk assessment table.XLSX | D9: YES
A10: SN74ACT244PWR | B10: Differencecomparisontable_risk assessment table.xlsx | C10: C:/Users/a1253695/OneDrive - TEXAS INSTRUMENTS/Desktop/To Claude/PCN risk assesment table\20250402002\Differencecomparisontable_risk assessment table.xlsx | D10: YES
A11: SN74AHC1G04DCKR | B11: Differencecomparisontable_risk assessment table.xlsx | C11: C:/Users/a1253695/OneDrive - TEXAS INSTRUMENTS/Desktop/To Claude/PCN risk assesment table\20250402002\Differencecomparisontable_risk assessment table.xlsx | D11: YES
A12: SN74LVC1G04DCKR | B12: SN74LVC1G04DCKR Delta Risk Assessment(0514).xlsx | C12: C:/Users/a1253695/OneDrive - TEXAS INSTRUMENTS/Desktop/To Claude/PCN risk assesment table\20260313003.0\SN74LVC1G04DCKR Delta Risk Assessment(0514).xlsx | D12: YES
... A15: TPS5430DDAR | B15: RE TPS5430DDAR FUT測試不良100% (RP240 TI Chip ISSUE-Hold Shipment).msg | C15: C:/Users/a1253695/OneDrive - TEXAS INSTRUMENTS/Desktop/To Claude/PCN risk assesment table\DELTA Risk assessment files from BU\TPS5430 TPS5430 ENA Pin Design_202602\RE TPS5430DDAR FUT測試不良100% (RP240 TI Chip ISSUE-Hold Shipment).msg | D15: YES

Sheet Sheet4

Sheet 匯總表
A1: Vedor P/N | B1: SQE | C1: 列標籤 | D1: Vedor P/N | E1: TI 回復是否有差異 | F1: 切换DC | G1: 首次出货时间 | H1: 差異説明 | I1: DSW1 | J1: IMW1 | K1: PSW1 | L1: TPW1 | M1: UPW1 | N1: 總計 | O1: 系統是否有PCN | P1: PCN 申請筆數（2024-2026） | Q1: 次數 | R1: YN修改規格 | S1: YN有設計變更 | T1: PCN 單號(規格） | U1: PCN 單號(設計） | V1: 變更内容 | X1: PCN# | Y1: risk assessment match?
A2: INA226AIDGSR | B2: XUEMEI | C2: 2540558408 | D2: =VLOOKUP(C2,工作表2!A:C,3,0) -> INA226AIDGSR | H2: =VLOOKUP(D:D,[1]results!$A:$AE,31,FALSE) -> SENSING-CS | O2: Y | P2: PCN10H21020251222104013-Y PCN10H21020250718110110-N PCN10H21020241115034047-N PCN10H21020240704121737-N | Q2: 4 | R2: Y | S2: Y | T2: PCN10H21020251222104013-Y PCN10H21020250718110110-Y | U2: PCN10H21020251222104013-Y | V2: RFAB,Process change, Site change, Material change, Design change/Electrical Specification | W2: SN74LVC1G3157DCKR | X2: 20151215003A | Y2: =VLOOKUP(D:D,Sheet1!A:D,4,FALSE) -> #N/A
A3: TRSF3232EIPWR | B3: DAISY | C3: 2540177408 | D3: =VLOOKUP(C3,工作表2!A:C,3,0) -> TRSF3232EIPWR | H3: =VLOOKUP(D:D,[1]results!$A:$AE,31,FALSE) -> INT-TRX | L3: 10000 | M3: 30000 | N3: 40000 | O3: Y | P3: PCN10H21020250612101508 PCN10H21020250513051742 PCN10H21020241212051217 PCN10H21020241021053404 | Q3: 4 | R3: Y | S3: Y | T3: PCN10H21020241021053404 | U3: PCN10H21020241021053404 | V3: PCN10H21020250612101508:Process change, Site change, Material change;Qualification of additional Assembly sites for select TSSOP devices PCN10H21020250513051742:Process change, Site change, Material change;Qualification of additional Assembly sites for select TSSOP devices PCN10H21020241212051217:Process change;Marking Standardization for Select Devices PCN10H21020241021053404:Process change, Site change, Material change, Design change;Qualification of new Fab site (RFAB) using qualified Process Technology, Die Revision, Datasheet update and additional Assembly site/BOM options for select devices | W3: TPS65216D0RSLR | X3: 20190411001.1 | Y3: =VLOOKUP(D:D,Sheet1!A:D,4,FALSE) -> #N/A
A4: MAX3232CDR | B4: JINGJING | C4: 2540176108 | D4: =VLOOKUP(C4,工作表2!A:C,3,0) -> MAX3232CDR | H4: =VLOOKUP(D:D,[1]results!$A:$AE,31,FALSE) -> INT-TRX | K4: 2500 | M4: 7500 | N4: 10000 | O4: Y | P4: PCN10H21020241021053404 PCN10H21020241118085631 PCN10H21020241202012940 | Q4: 3 | R4: Y | S4: Y | T4: PCN10H21020241021053404 | U4: PCN10H21020241021053404 | V4: PCN10H21020241021053404:Process change, Site change, Material change, Design change;Qualification of new Fab site (RFAB) using qualified Process Technology, Die Revision, Datasheet update and additional Assembly site/BOM options for select devices PCN10H21020241118085631:Process change;Marking Standardization for Select Devices PCN10H21020241202012940:Site change, Material change;Qualification of ASESH as an Additional Assembly Site for Select Devices in the 8/14/16 pin SOIC (D) packages using NiPdAuAg Leadframe | W4: 1 2540176108 MAX3232CDR 2 2540176308 MAX3232CPWR 3 2540177408 TRSF3232EIPWR 4 2540485808 MAX3232EIPWR 5 2540593108 TRS3232EIDR 6 2540786208 SN65C3232EPWR | X4: 20210625000.1 | Y4: =VLOOKUP(D:D,Sheet1!A:D,4,FALSE) -> #N/A
A5: TLC555IDR | B5: JINGJING | C5: 2510352514 | D5: =VLOOKUP(C5,工作表2!A:C,3,0) -> TLC555IDR | H5: =VLOOKUP(D:D,[1]results!$A:$AE,31,FALSE) -> LAMPS-LVAC | M5: 10000 | N5: 10000 | O5: Y | P5: PCN10H21020240218094418 | Q5: 1 | R5: Y | S5: Y | T5: PCN10H21020240218094418 | U5: PCN10H21020240218094418 | V5: PCN10H21020240218094418Process change, Site change, Material change, Design change：Qualification of RFAB using qualified Process Technology, Die Revision, Datasheet update and additional Assembly Site/BOM options for select devices | W5: 1 2540176108 MAX3232CDR 2 2540176308 MAX3232CPWR 3 2540177408 TRSF3232EIPWR 4 2540485808 MAX3232EIPWR 5 2540593108 TRS3232EIDR 6 2540786208 SN65C3232EPWR | X5: 20210625000.1 | Y5: =VLOOKUP(D:D,Sheet1!A:D,4,FALSE) -> #N/A
A6: LM2901DR | B6: JINGJING | C6: 2520050014 | D6: =VLOOKUP(C6,工作表2!A:C,3,0) -> LM2901DR | H6: =VLOOKUP(D:D,[1]results!$A:$AE,31,FALSE) -> LAMPS-LVAC | L6: 10000 | N6: 10000 | O6: Y | P6: PCN10H21020250724103020 PCN10H21020241202012940 PCN10H21020241118085631 PCN10H21020240208105701 | Q6: 4 | R6: Y | S6: N | T6: PCN10H21020250724103020 | V6: PCN10H21020250724103020:Process change;Datasheet for LM3302, LM339B, LM2901B, LM339, LM239, LM139, LM2901 PCN10H21020241118085631:Process change;Marking Standardization for Select Devices PCN10H21020241202012940:Site change, Material change;Qualification of ASESH as an Additional Assembly Site for Select Devices in the 8/14/16 pin SOIC (D) packages using NiPdAuAg Leadframe | W6: 1 2540176108 MAX3232CDR 2 2540176308 MAX3232CPWR 3 2540177408 TRSF3232EIPWR 4 2540485808 MAX3232EIPWR 5 2540593108 TRS3232EIDR 6 2540786208 SN65C3232EPWR | X6: 20210625000.1 | Y6: =VLOOKUP(D:D,Sheet1!A:D,4,FALSE) -> #N/A
A7: LP2985A-18DBVR | B7: JINGJING | C7: 2500235714 | D7: =VLOOKUP(C7,工作表2!A:C,3,0) -> LP2985A-18DBVR | H7: =VLOOKUP(D:D,[1]results!$A:$AE,31,FALSE) -> LP-MWL | L7: 6000 | N7: 6000 | O7: Y | P7: PCN10H21020240911110514 PCN10H21020240923100040 PCN10H21020241209052044 PCN10H21020250506044328 | Q7: 4 | R7: Y | S7: Y | T7: PCN10H21020240911110514 | U7: PCN10H21020240911110514 | V7: PCN10H21020240911110514:Process change, Site change, Material change, Design change;Qualification of RFAB Wafer Fab site using qualified Process Technology, Die Revision and additional Assembly site/BOM options for select devices PCN10H21020250506044328:Process change:Pin one Device symbolization update for Select SOT Devices PCN10H21020241209052044:Process change;Pin one Device symbolization update for Select SOT Devices | W7: 1 2540176108 MAX3232CDR 2 2540176308 MAX3232CPWR 3 2540177408 TRSF3232EIPWR 4 2540485808 MAX3232EIPWR 5 2540593108 TRS3232EIDR 6 2540786208 SN65C3232EPWR | X7: 20210625000.1 | Y7: =VLOOKUP(D:D,Sheet1!A:D,4,FALSE) -> #N/A
A8: UA78L12ACPK | B8: JINGJING | C8: 2500144414 | D8: =VLOOKUP(C8,工作表2!A:C,3,0) -> UA78L12ACPK | H8: =VLOOKUP(D:D,[1]results!$A:$AE,31,FALSE) -> LP-MWL | J8: 4000 | N8: 4000 | O8: Y | P8: PCN10H21020240206113453 PCN10H21020240206112156 PCN10H21020241119050428 PCN10H21020241209052044 PCN10H21020250506044328 | Q8: 5 | R8: Y | S8: Y | T8: PCN10H21020240206113453 | U8: PCN10H21020240206113453 | V8: PCN10H21020240206113453:Process change, Site change, Material change, Design change;Qualification of additional Fab site (RFAB) using qualified Process Technology and additional BOM options for select devices (The information we uploaded in the PCN10H21020240206112156 is incorrect, please reject and ignore it. Thank you.) PCN10H21020250506044328:Process change:Pin one Device symbolization update for Select SOT Devices PCN10H21020241209052044:Process change;Pin one Device symbolization update for Select SOT Devices | W8: 1 2540176108 MAX3232CDR 2 2540176308 MAX3232CPWR 3 2540177408 TRSF3232EIPWR 4 2540485808 MAX3232EIPWR 5 2540593108 TRS3232EIDR 6 2540786208 SN65C3232EPWR | X8: 20210625000.1 | Y8: =VLOOKUP(D:D,Sheet1!A:D,4,FALSE) -> #N/A
A9: DP83867IRRGZR | B9: XUEMEI | C9: 2620244308 | D9: =VLOOKUP(C9,工作表2!A:C,3,0) -> DP83867IRRGZR | H9: =VLOOKUP(D:D,[1]results!$A:$AE,31,FALSE) -> DCC-ETHERNET | O9: Y | P9: PCN10H21020241204010710-N PCN10H21020250219102259-N | Q9: 2 | R9: Y | S9: N | T9: PCN10H21020241204010710-Y PCN10H21020250219102259-Y | V9: Electrical Specification | W9: SN65176BDR | X9: 20210811000.1 | Y9: =VLOOKUP(D:D,Sheet1!A:D,4,FALSE) -> #N/A
A10: SN74AHCT14PWR | B10: XUEMEI | C10: 2600088708 | D10: =VLOOKUP(C10,工作表2!A:C,3,0) -> SN74AHCT14PWR | H10: =VLOOKUP(D:D,[1]results!$A:$AE,31,FALSE) -> INT-LOGIC | O10: Y | P10: PCN10H21020241128062552-N PCN10H21020241121045047-Y PCN10H21020240206111052-Y | Q10: 3 | R10: N | S10: Y | T10: N | U10: PCN10H21020241121045047 | V10: RFAB ,Die Revision,Assembly site,Wafer Fab Materials/Wafer Fab Process | W10: 1 2600223208 CD74HC4094PWR 2 2600364608 CD74HC173PWR | X10: 20220628000.1(1) | Y10: =VLOOKUP(D:D,Sheet1!A:D,4,FALSE) -> #N/A
A11: UCC27282DRCR | B11: XUEMEI | C11: 2540614208 | D11: =VLOOKUP(C11,工作表2!A:C,3,0) -> UCC27282DRCR | H11: =VLOOKUP(D:D,[1]results!$A:$AE,31,FALSE) -> HVP-DBB | O11: Y | P11: PCN10H21020230213042553-N PCN10H21020231103104228-N PCN10H21020220610044559-N PCN10H21020250530034631-N | Q11: 4 | R11: N | S11: N | T11: PCN10H21020220610044559-Y | U11: N | V11: RFAB ,Wafer Fab Materials RFAB ,Electrical Specification,Wafer Fab Materials/Wafer Fab Process | W11: 1 2600081808 SN74LVC00APWR 2 2600092208 SN74LVC08APWR 3 2600103808 SN74LVC125APWR 4 2600147008 SN74LVC32APWR | X11: 20240514001.1 | Y11: =VLOOKUP(D:D,Sheet1!A:D,4,FALSE) -> #N/A
A12: UC2842AD8TR | B12: CHUNHUA | C12: 2510069214 | D12: =VLOOKUP(C12,工作表2!A:C,3,0) -> UC2842AD8TR | H12: =VLOOKUP(D:D,[1]results!$A:$AE,31,FALSE) -> HVP-ACDC | J12: 185000 | N12: 185000 | O12: Y | P12: PCN10H21020250220051144 PCN10H21020241231040349 | Q12: 2 | R12: N | S12: Y | U12: PCN10H21020241231040349 | V12: Process change, Site change, Material change, Design change;Qualification of RFAB using qualified Process Technology, Die Revision, & Assembly site (TI Mexico) & BOM options for select devices(group1) | W12: 1 2500172114 TL432BIDBZR 2 2500172114P TL432BIDBZR-P 3 2500278414 TL431AIDBZR 4 2500333214 TL431BCDBZR 5 2500333414 TL432AQDBZR 6 2500333814 TL432AIDBZR 7 2500395314 TL431BIDBZR 8 2500434114 TL431ACDBZR 9 2500434514 TL431AQDBZRG4 10 2500434614 TL432BCDBZR 11 2500478014 TL431BQDBZR 12 2500478314 TL432BQDBZR | X12: 20220909000.1 | Y12: =VLOOKUP(D:D,Sheet1!A:D,4,FALSE) -> #N/A
A13: ISO6721BDR | B13: CHUNHUA | C13: 2540796108 | D13: =VLOOKUP(C13,工作表2!A:C,3,0) -> ISO6721BDR | F13: 2421+5 | G13: 45517 | H13: =VLOOKUP(D:D,[1]results!$A:$AE,31,FALSE) -> INT-ISO | L13: 105000 | M13: 42000 | N13: 147000 | O13: Y | P13: PCN10H21020250328053731 PCN10H21020240809031513 | Q13: 2 | R13: N | S13: Y | U13: PCN10H21020250328053731 | V13: Qualification of RFAB as an additional Fab site option for select LBC8 devices | W13: 1 2500172114 TL432BIDBZR 2 2500172114P TL432BIDBZR-P 3 2500278414 TL431AIDBZR 4 2500333214 TL431BCDBZR 5 2500333414 TL432AQDBZR 6 2500333814 TL432AIDBZR 7 2500395314 TL431BIDBZR 8 2500434114 TL431ACDBZR 9 2500434514 TL431AQDBZRG4 10 2500434614 TL432BCDBZR 11 2500478014 TL431BQDBZR 12 2500478314 TL432BQDBZR | X13: 20220909000.1 | Y13: =VLOOKUP(D:D,Sheet1!A:D,4,FALSE) -> #N/A
A14: LMV331IDCKR | B14: XUEMEI | C14: 2520170114 | D14: =VLOOKUP(C14,工作表2!A:C,3,0) -> LMV331IDCKR | H14: =VLOOKUP(D:D,[1]results!$A:$AE,31,FALSE) -> LAMPS-LVAC | J14: 95 | N14: 95 | O14: Y | P14: PCN10H21020240627024619-Y PCN10H21020241209052044-N PCN10H21020241119121859-Y PCN10H21020250506044328-N | Q14: 4 | R14: Y | S14: Y | T14: N | U14: PCN10H21020240627024619-Y PCN10H21020241119121859-Y | V14: RFAB,Assembly Site/Materials.Test Site,Wafer Fab Site,Wafer Fab Material,PROCESS Assembly Materials/SITE/process/Test Site/Wafer Fab Materials/Design | W14: 1 2600088308 SN74LV14APWR 2 2600092808 SN74LV08APWR 3 2600147308 SN74LV32APWR | X14: 20220926000.1 | Y14: =VLOOKUP(D:D,Sheet1!A:D,4,FALSE) -> #N/A
A15: SN6505BDBVR | B15: DAISY | C15: 2540715808 | D15: =VLOOKUP(C15,工作表2!A:C,3,0) -> SN6505BDBVR | H15: =VLOOKUP(D:D,[1]results!$A:$AE,31,FALSE) -> HVP-DBB | J15: 7780 | M15: 3000 | N15: 10780 | O15: Y | P15: PCN10H21020250506044328 PCN10H21020250220042307 PCN10H21020241209052044 PCN10H21020230906111252 | Q15: 4 | R15: N | S15: Y | U15: PCN10H21020230906111252 | V15: PCN10H21020250506044328:Process change:Pin one Device symbolization update for Select SOT Devices PCN10H21020250220042307:LABEL/MARKING PCN10H21020241209052044:Process change;Pin one Device symbolization update for Select SOT Devices PCN10H21020230906111252:Qualification of additional Fab site (RFAB) and additional Assembly site (TIPI) for select LBC8LV devices | Y15: =VLOOKUP(D:D,Sheet1!A:D,4,FALSE) -> #N/A
A16: LM2904AVQPWRQ1 | B16: RAINIE | C16: 2520240414M | D16: =VLOOKUP(C16,工作表2!A:C,3,0) -> LM2904AVQPWRQ1 | H16: =VLOOKUP(D:D,[1]results!$A:$AE,31,FALSE) -> LAMPS-HVA | L16: 400 | N16: 400 | O16: Y | P16: PCN10H21020250617111214 | Q16: 1 | R16: Y | S16: Y | T16: PCN10H21020250617111214 | U16: PCN10H21020250617111214 | V16: Process change, Site change, Material change, Design change;Qualification of new Fab site (CFAB) using qualified Process Technology, Die Revision, Probe site, and additional Assembly site/BOM options for select devices | W16: 1 2540794008 ISO6741FDWR 2 2540796708 ISO6742FDWR 3 2542001208 ISO6742DWR 4 2542002908 ISO6731FDWR 5 2542009908 ISO6740FDWR | X16: 20221216012.1 | Y16: =VLOOKUP(D:D,Sheet1!A:D,4,FALSE) -> #N/A
A17: LM293ADGKR | B17: RAINIE | C17: 2520090914 | D17: =VLOOKUP(C17,工作表2!A:C,3,0) -> LM293ADGKR | H17: =VLOOKUP(D:D,[1]results!$A:$AE,31,FALSE) -> LAMPS-LVAC | J17: 285 | N17: 285 | O17: Y | P17: PCN10H21020241115051452 PCN10H21020241104115853 | Q17: 2 | R17: Y | S17: Y | T17: PCN10H21020241115051452 PCN10H21020241104115853 | U17: PCN10H21020241115051452 PCN10H21020241104115853 | V17: PCN10H21020241115051452:Design change;Qualification of new Fab site (CFAB) using qualified Process Technology, Die Revision, updated BOMs, and additional Assembly options for select devices PCN10H21020241104115853:Process change, Site change, Material change, Design change;Qualification of RFAB using qualified Process Technology, Die Change, Assembly site (MLA) change & BOM update for select devices | W17: 1 2540794008 ISO6741FDWR 2 2540796708 ISO6742FDWR 3 2542001208 ISO6742DWR 4 2542002908 ISO6731FDWR 5 2542009908 ISO6740FDWR | X17: 20221216012.1 | Y17: =VLOOKUP(D:D,Sheet1!A:D,4,FALSE) -> #N/A
A18: LMV324IPWR | B18: DAISY | C18: 2520017114 | D18: =VLOOKUP(C18,工作表2!A:C,3,0) -> LMV324IPWR | H18: =VLOOKUP(D:D,[1]results!$A:$AE,31,FALSE) -> LAMPS-LVAC | J18: 28000 | N18: 28000 | O18: Y | P18: PCN10H21020250226033253 PCN10H21020241128062552 PCN10H21020230203040806 | Q18: 3 | R18: N | S18: Y | U18: PCN10H21020230203040806 | V18: PCN10H21020250226033253:Process change, Site change, Material change;Qualification of additional Assembly sites for select TSSOP devices PCN10H21020241128062552:Process change;TSSOP and SOT Symbolization update for select devices PCN10H21020230203040806:Site change;Qualification of new Fab site (RFAB) using qualified Process Technology, Die Revision | W18: 1 2520031014 TL084CDR 2 2520031114 TL084CN 3 2520031414 TL084ACDR 4 2520038114 TL072CP 5 2520047114 TL074CN | X18: 20221219006.1 | Y18: =VLOOKUP(D:D,Sheet1!A:D,4,FALSE) -> #N/A
A19: TPS74801DRCR | B19: DAISY | C19: 2500496314 | D19: =VLOOKUP(C19,工作表2!A:C,3,0) -> TPS74801DRCR | H19: =VLOOKUP(D:D,[1]results!$A:$AE,31,FALSE) -> LP-LVL | J19: 21000 | M19: 6000 | N19: 27000 | O19: Y | P19: PCN10H21020240402104959 PCN10H21020231102093137 | Q19: 2 | R19: N | S19: Y | U19: PCN10H21020231102093137 | V19: PCN10H21020240402104959:Material change;Qualify New Assembly Material set PCN10H21020231102093137:Site change;Qualification of new Fab site (RFAB) using qualified Process Technology, Die Revision and additional Assembly Site/BOM options for select devices | W19: 1 2520031014 TL084CDR 2 2520031114 TL084CN 3 2520031414 TL084ACDR 4 2520038114 TL072CP 5 2520047114 TL074CN | X19: 20221219006.1 | Y19: =VLOOKUP(D:D,Sheet1!A:D,4,FALSE) -> #N/A
A20: TPS73701DRBR | B20: DAISY | C20: 2500375414 | D20: =VLOOKUP(C20,工作表2!A:C,3,0) -> TPS73701DRBR | H20: =VLOOKUP(D:D,[1]results!$A:$AE,31,FALSE) -> LP-LVL | J20: 27000 | N20: 27000 | O20: Y | P20: PCN10H21020241203053407 PCN10H21020240228111535 | Q20: 2 | R20: Y | S20: Y | T20: PCN10H21020241203053407 PCN10H21020240228111535 | U20: PCN10H21020240228111535 | V20: PCN10H21020241203053407:Process change;Datasheet for TPS737 PCN10H21020240228111535:Process change, Site change, Material change, Design change | W20: 1 2520031014 TL084CDR 2 2520031114 TL084CN 3 2520031414 TL084ACDR 4 2520038114 TL072CP 5 2520047114 TL074CN | X20: 20221219006.1 | Y20: =VLOOKUP(D:D,Sheet1!A:D,4,FALSE) -> #N/A
A21: ISO1050DWR | B21: DAISY | C21: 2540731408 | D21: =VLOOKUP(C21,工作表2!A:C,3,0) -> ISO1050DWR | H21: =VLOOKUP(D:D,[1]results!$A:$AE,31,FALSE) -> INT-ISO | M21: 26000 | N21: 26000 | O21: Y | P21: PCN10H21020241212025542 PCN10H21020241212030645 PCN10H21020231220112656 PCN10H21020230605032447 | Q21: 4 | R21: N | S21: Y | U21: PCN10H21020241212025542 PCN10H21020241212030645 PCN10H21020231220112656 | V21: PCN10H21020241212025542 Qualification of RFAB using qualified Process Technology, Die Revision, Datasheet and additional Assembly site/BOM options for select devices(group1) PCN10H21020241212030645 Qualification of RFAB using qualified Process Technology, Die Revision, Datasheet and additional Assembly site/BOM options for select devices(group2) PCN10H21020231220112656:Site change;Qualification of RFAB using qualified Process Technology, Die Revision, Datasheet and additional Assembly site/BOM options for select devices PCN10H21020230605032447:Material change;ualify New Assembly Material set for Selected Device(s) | W21: 1 2520031214 TL084IDR 2 2520047014 TL074CDR 3 2520047214 TL074IDR 4 2520048114 LF347N | X21: 20221219006.1(1) | Y21: =VLOOKUP(D:D,Sheet1!A:D,4,FALSE) -> #N/A
A22: SN65HVD3082EDR | B22: CHUNHUA | C22: 2540454908 | D22: =VLOOKUP(C22,工作表2!A:C,3,0) -> SN65HVD3082EDR | H22: =VLOOKUP(D:D,[1]results!$A:$AE,31,FALSE) -> INT-TRX | J22: 872500 | L22: 10000 | M22: 40500 | N22: 923000 | O22: Y | P22: PCN10H21020250915125042 PCN10H21020241118085631 | Q22: 2 | R22: Y | S22: Y | U22: PCN10H21020250915125042 | V22: Process change, Site change, Material change, Design change | W22: 1 250005001 LM4040DIM3X-2.5/NOPB 2 250005031 LM4040C50IDBZR 3 2500050311 LM4040CIM3X-5.0/NOPB 4 2500050411 LM4040BIM3-2.5/NOPB 5 2500050511 LM4040BIM3-5.0/NOPB 6 250005081 LM4040C25IDBZR 7 2500050814M LM4040C25QDBZR 8 2500323214 LM4040B41IDBZR 9 2500323811 LM4040AIM3-3.0/NOPB 10 2500323814 LM4040A30IDBZR 11 2500379114 LM4040B50IDBZR 12 2500379511 LM4040BIM3X-3.0/NOPB 13 2500379614 LM4040D41IDBZR 14 250044611 LM4041C12QDBZR 15 2500459314 LM4040C50QDBZR 16 2500459514 LM4040C20QDBZR 17 2500459814 LM4040DIM3X-3.0/NOPB 18 2500459914 LM4040DIM3X-5.0/NOPB 19 2500549114 LM4040D30IDBZR 20 2500549214 LM4040D50IDBZR | X22: 20230228000.1 | Y22: YES
A23: THVD1520DR | B23: CHUNHUA | C23: 2540773508 | D23: =VLOOKUP(C23,工作表2!A:C,3,0) -> THVD1520DR | H23: =VLOOKUP(D:D,[1]results!$A:$AE,31,FALSE) -> INT-TRX | J23: 635000 | L23: 82500 | N23: 717500 | O23: Y | P23: PCN10H21020241118085631 PCN10H21020241008041320 | Q23: 2 | R23: Y | S23: Y | U23: PCN10H21020241008041320 | V23: Qualification of new Fab site (RFAB) using qualified Process Technology, Die Revision and additional BOM elements for select devices | W23: 1 250005001 LM4040DIM3X-2.5/NOPB 2 250005031 LM4040C50IDBZR 3 2500050311 LM4040CIM3X-5.0/NOPB 4 2500050411 LM4040BIM3-2.5/NOPB 5 2500050511 LM4040BIM3-5.0/NOPB 6 250005081 LM4040C25IDBZR 7 2500050814M LM4040C25QDBZR 8 2500323214 LM4040B41IDBZR 9 2500323811 LM4040AIM3-3.0/NOPB 10 2500323814 LM4040A30IDBZR 11 2500379114 LM4040B50IDBZR 12 2500379511 LM4040BIM3X-3.0/NOPB 13 2500379614 LM4040D41IDBZR 14 250044611 LM4041C12QDBZR 15 2500459314 LM4040C50QDBZR 16 2500459514 LM4040C20QDBZR 17 2500459814 LM4040DIM3X-3.0/NOPB 18 2500459914 LM4040DIM3X-5.0/NOPB 19 2500549114 LM4040D30IDBZR 20 2500549214 LM4040D50IDBZR | X23: 20230228000.1 | Y23: YES
A24: SN74LVC244APWR | B24: CHUNHUA | C24: 2600116608 | D24: =VLOOKUP(C24,工作表2!A:C,3,0) -> SN74LVC244APWR | H24: =VLOOKUP(D:D,[1]results!$A:$AE,31,FALSE) -> INT-LOGIC | J24: 622000 | N24: 622000 | O24: Y | P24: PCN10H21020251030101724 | Q24: 1 | R24: Y | S24: Y | U24: PCN10H21020251030101724 | V24: Process change, Site change, Material change, Design change Qualification of RFAB as an additional Fab site, Die Revision and BOM option for select devices | W24: 1 250005001 LM4040DIM3X-2.5/NOPB 2 250005031 LM4040C50IDBZR 3 2500050311 LM4040CIM3X-5.0/NOPB 4 2500050411 LM4040BIM3-2.5/NOPB 5 2500050511 LM4040BIM3-5.0/NOPB 6 250005081 LM4040C25IDBZR 7 2500050814M LM4040C25QDBZR 8 2500323214 LM4040B41IDBZR 9 2500323811 LM4040AIM3-3.0/NOPB 10 2500323814 LM4040A30IDBZR 11 2500379114 LM4040B50IDBZR 12 2500379511 LM4040BIM3X-3.0/NOPB 13 2500379614 LM4040D41IDBZR 14 250044611 LM4041C12QDBZR 15 2500459314 LM4040C50QDBZR 16 2500459514 LM4040C20QDBZR 17 2500459814 LM4040DIM3X-3.0/NOPB 18 2500459914 LM4040DIM3X-5.0/NOPB 19 2500549114 LM4040D30IDBZR 20 2500549214 LM4040D50IDBZR | X24: 20230228000.1 | Y24: YES
A25: LM2902PWR | B25: CHUNHUA | C25: 2520036314 | D25: =VLOOKUP(C25,工作表2!A:C,3,0) -> LM2902PWR | F25: 2526+5 | G25: 45880 | H25: =VLOOKUP(D:D,[1]results!$A:$AE,31,FALSE) -> LAMPS-HVA | L25: 212000 | N25: 212000 | O25: Y | P25: PCN10H21020250106035330 PCN10H21020241231051413 PCN10H21020241231050033 PCN10H21020241231044210 PCN10H21020241128062552 | Q25: 5 | R25: N | S25: Y | U25: PCN10H21020241128062552 | V25: Process change, Site change, Material change, Design change Qualification of RFAB using qualified Process Technology, Die Revision, Assembly site (MLA & FMX) & alternate BOM qualification for select devices(group1) | W25: 1 250005001 LM4040DIM3X-2.5/NOPB 2 250005031 LM4040C50IDBZR 3 2500050311 LM4040CIM3X-5.0/NOPB 4 2500050411 LM4040BIM3-2.5/NOPB 5 2500050511 LM4040BIM3-5.0/NOPB 6 250005081 LM4040C25IDBZR 7 2500050814M LM4040C25QDBZR 8 2500323214 LM4040B41IDBZR 9 2500323811 LM4040AIM3-3.0/NOPB 10 2500323814 LM4040A30IDBZR 11 2500379114 LM4040B50IDBZR 12 2500379511 LM4040BIM3X-3.0/NOPB 13 2500379614 LM4040D41IDBZR 14 250044611 LM4041C12QDBZR 15 2500459314 LM4040C50QDBZR 16 2500459514 LM4040C20QDBZR 17 2500459814 LM4040DIM3X-3.0/NOPB 18 2500459914 LM4040DIM3X-5.0/NOPB 19 2500549114 LM4040D30IDBZR 20 2500549214 LM4040D50IDBZR | X25: 20230228000.1 | Y25: YES
A26: MC33063AQDRQ1 | B26: CHUNHUA | C26: 2540486208 | D26: =VLOOKUP(C26,工作表2!A:C,3,0) -> MC33063AQDRQ1 | H26: =VLOOKUP(D:D,[1]results!$A:$AE,31,FALSE) -> SR-BCC | J26: 197500 | L26: 2500 | N26: 200000 | O26: Y | P26: PCN10H21020250917164517 PCN10H21020250402115149 PCN10H21020241118085631 PCN10H21020240304113816 | Q26: 4 | R26: N | S26: Y | U26: PCN10H21020250917164517 | V26: Process change, Site change, Material change, Design change Qualification of new Fab site (RFAB) using qualified Process Technology, Die Revision and TI CDAT-PR as additional wafer probe (EWS) site for select devices | W26: 1 250005001 LM4040DIM3X-2.5/NOPB 2 250005031 LM4040C50IDBZR 3 2500050311 LM4040CIM3X-5.0/NOPB 4 2500050411 LM4040BIM3-2.5/NOPB 5 2500050511 LM4040BIM3-5.0/NOPB 6 250005081 LM4040C25IDBZR 7 2500050814M LM4040C25QDBZR 8 2500323214 LM4040B41IDBZR 9 2500323811 LM4040AIM3-3.0/NOPB 10 2500323814 LM4040A30IDBZR 11 2500379114 LM4040B50IDBZR 12 2500379511 LM4040BIM3X-3.0/NOPB 13 2500379614 LM4040D41IDBZR 14 250044611 LM4041C12QDBZR 15 2500459314 LM4040C50QDBZR 16 2500459514 LM4040C20QDBZR 17 2500459814 LM4040DIM3X-3.0/NOPB 18 2500459914 LM4040DIM3X-5.0/NOPB 19 2500549114 LM4040D30IDBZR 20 2500549214 LM4040D50IDBZR | X26: 20230228000.1 | Y26: YES
A27: NE555DR | B27: CHUNHUA | C27: 2510003214 | D27: =VLOOKUP(C27,工作表2!A:C,3,0) -> NE555DR | H27: =VLOOKUP(D:D,[1]results!$A:$AE,31,FALSE) -> LAMPS-LVAC | L27: 75000 | M27: 90000 | N27: 165000 | O27: Y | P27: PCN10H21020251219103343 PCN10H21020241202012940 PCN10H21020241118085631 PCN10H21020241008041320 | Q27: 4 | R27: N | S27: Y | U27: PCN10H21020241008041320 PCN10H21020251219103343 | V27: Qualification of new Fab site (RFAB) using qualified Process Technology, Die Revision and additional BOM elements for select devices | W27: 1 250005001 LM4040DIM3X-2.5/NOPB 2 250005031 LM4040C50IDBZR 3 2500050311 LM4040CIM3X-5.0/NOPB 4 2500050411 LM4040BIM3-2.5/NOPB 5 2500050511 LM4040BIM3-5.0/NOPB 6 250005081 LM4040C25IDBZR 7 2500050814M LM4040C25QDBZR 8 2500323214 LM4040B41IDBZR 9 2500323811 LM4040AIM3-3.0/NOPB 10 2500323814 LM4040A30IDBZR 11 2500379114 LM4040B50IDBZR 12 2500379511 LM4040BIM3X-3.0/NOPB 13 2500379614 LM4040D41IDBZR 14 250044611 LM4041C12QDBZR 15 2500459314 LM4040C50QDBZR 16 2500459514 LM4040C20QDBZR 17 2500459814 LM4040DIM3X-3.0/NOPB 18 2500459914 LM4040DIM3X-5.0/NOPB 19 2500549114 LM4040D30IDBZR 20 2500549214 LM4040D50IDBZR | X27: 20230228000.1 | Y27: YES
A28: LM293DR | B28: CHUNHUA | C28: 2520090014 | D28: =VLOOKUP(C28,工作表2!A:C,3,0) -> LM293DR | H28: =VLOOKUP(D:D,[1]results!$A:$AE,31,FALSE) -> LAMPS-LVAC | J28: 65000 | L28: 5000 | M28: 90000 | N28: 160000 | O28: Y | P28: PCN10H21020250307103025 PCN10H21020241118085631 PCN10H21020241008041320 PCN10H21020240410112100 | Q28: 4 | R28: N | S28: Y | U28: PCN10H21020241008041320 | V28: Qualification of new Fab site (RFAB) using qualified Process Technology, Die Revision and additional BOM elements for select devices | W28: 1 250005001 LM4040DIM3X-2.5/NOPB 2 250005031 LM4040C50IDBZR 3 2500050311 LM4040CIM3X-5.0/NOPB 4 2500050411 LM4040BIM3-2.5/NOPB 5 2500050511 LM4040BIM3-5.0/NOPB 6 250005081 LM4040C25IDBZR 7 2500050814M LM4040C25QDBZR 8 2500323214 LM4040B41IDBZR 9 2500323811 LM4040AIM3-3.0/NOPB 10 2500323814 LM4040A30IDBZR 11 2500379114 LM4040B50IDBZR 12 2500379511 LM4040BIM3X-3.0/NOPB 13 2500379614 LM4040D41IDBZR 14 250044611 LM4041C12QDBZR 15 2500459314 LM4040C50QDBZR 16 2500459514 LM4040C20QDBZR 17 2500459814 LM4040DIM3X-3.0/NOPB 18 2500459914 LM4040DIM3X-5.0/NOPB 19 2500549114 LM4040D30IDBZR 20 2500549214 LM4040D50IDBZR | X28: 20230228000.1 | Y28: YES
A29: SN74ACT240PWR | B29: CHUNHUA | C29: 2600212208 | D29: =VLOOKUP(C29,工作表2!A:C,3,0) -> SN74ACT240PWR | F29: 2502+5 | G29: 45681 | H29: =VLOOKUP(D:D,[1]results!$A:$AE,31,FALSE) -> INT-LOGIC | J29: 156000 | N29: 156000 | O29: Y | P29: PCN10H21020250410122453 PCN10H21020241203044507 PCN10H21020240226113556 | Q29: 3 | R29: N | S29: Y | U29: PCN10H21020250410122453 | V29: Process change, Site change, Material change, Design change Qualification of additional Fab site (RFAB) using qualified Process Technology and additional Assembly Site/BOM options for select devices(group6) | W29: 1 250005001 LM4040DIM3X-2.5/NOPB 2 250005031 LM4040C50IDBZR 3 2500050311 LM4040CIM3X-5.0/NOPB 4 2500050411 LM4040BIM3-2.5/NOPB 5 2500050511 LM4040BIM3-5.0/NOPB 6 250005081 LM4040C25IDBZR 7 2500050814M LM4040C25QDBZR 8 2500323214 LM4040B41IDBZR 9 2500323811 LM4040AIM3-3.0/NOPB 10 2500323814 LM4040A30IDBZR 11 2500379114 LM4040B50IDBZR 12 2500379511 LM4040BIM3X-3.0/NOPB 13 2500379614 LM4040D41IDBZR 14 250044611 LM4041C12QDBZR 15 2500459314 LM4040C50QDBZR 16 2500459514 LM4040C20QDBZR 17 2500459814 LM4040DIM3X-3.0/NOPB 18 2500459914 LM4040DIM3X-5.0/NOPB 19 2500549114 LM4040D30IDBZR 20 2500549214 LM4040D50IDBZR | X29: 20230228000.1 | Y29: YES
A30: UCC27424DGNR | B30: DAISY | C30: 2540394708 | D30: =VLOOKUP(C30,工作表2!A:C,3,0) -> UCC27424DGNR | H30: =VLOOKUP(D:D,[1]results!$A:$AE,31,FALSE) -> HVP-DBB | L30: 31500 | N30: 31500 | O30: Y | P30: PCN10H21020240221114349 | R30: Y | S30: Y | T30: PCN10H21020240221114349 | U30: PCN10H21020240221114349 | V30: PCN10H21020240221114349:Process change, Site change, Material change, Design change;Qualification of RFAB using qualified Process Technology, Die Revision, Datasheet, and additional Assembly site/BOM options for select devices | Y30: =VLOOKUP(D:D,Sheet1!A:D,4,FALSE) -> #N/A
A31: MC3303DR | B31: CHUNHUA | C31: 2520044014 | D31: =VLOOKUP(C31,工作表2!A:C,3,0) -> MC3303DR | F31: 2532+5 | G31: 45962 | H31: =VLOOKUP(D:D,[1]results!$A:$AE,31,FALSE) -> LAMPS-HVA | J31: 120000 | N31: 120000 | O31: Y | P31: PCN10H21020250106040435 PCN10H21020241231051413 PCN10H21020241231050033 PCN10H21020241231044210 PCN10H21020241118085631 | Q31: 5 | R31: N | S31: Y | T31: 否 | U31: PCN10H21020250106040435 | V31: Process change, Site change, Material change, Design change Qualification of RFAB using qualified Process Technology, Die Revision, Assembly site (MLA & FMX) & alternate BOM qualification for select devices(group4) | W31: 1 250005001 LM4040DIM3X-2.5/NOPB 2 250005031 LM4040C50IDBZR 3 2500050311 LM4040CIM3X-5.0/NOPB 4 2500050411 LM4040BIM3-2.5/NOPB 5 2500050511 LM4040BIM3-5.0/NOPB 6 250005081 LM4040C25IDBZR 7 2500050814M LM4040C25QDBZR 8 2500323214 LM4040B41IDBZR 9 2500323811 LM4040AIM3-3.0/NOPB 10 2500323814 LM4040A30IDBZR 11 2500379114 LM4040B50IDBZR 12 2500379511 LM4040BIM3X-3.0/NOPB 13 2500379614 LM4040D41IDBZR 14 250044611 LM4041C12QDBZR 15 2500459314 LM4040C50QDBZR 16 2500459514 LM4040C20QDBZR 17 2500459814 LM4040DIM3X-3.0/NOPB 18 2500459914 LM4040DIM3X-5.0/NOPB 19 2500549114 LM4040D30IDBZR 20 2500549214 LM4040D50IDBZR | X31: 20230228000.1 | Y31: YES
A32: SN74ACT244PWR | B32: CHUNHUA | C32: 2600354008 | D32: =VLOOKUP(C32,工作表2!A:C,3,0) -> SN74ACT244PWR | H32: =VLOOKUP(D:D,[1]results!$A:$AE,31,FALSE) -> INT-LOGIC | M32: 116000 | N32: 116000 | O32: Y | P32: PCN10H21020241203044507 PCN10H21020240410120554 | Q32: 2 | R32: N | S32: Y | U32: PCN10H21020240410120554 | V32: Qualification of RFAB using qualified Process Technology, Die Change, and additional Assembly site & BOM options | W32: 1 250005001 LM4040DIM3X-2.5/NOPB 2 250005031 LM4040C50IDBZR 3 2500050311 LM4040CIM3X-5.0/NOPB 4 2500050411 LM4040BIM3-2.5/NOPB 5 2500050511 LM4040BIM3-5.0/NOPB 6 250005081 LM4040C25IDBZR 7 2500050814M LM4040C25QDBZR 8 2500323214 LM4040B41IDBZR 9 2500323811 LM4040AIM3-3.0/NOPB 10 2500323814 LM4040A30IDBZR 11 2500379114 LM4040B50IDBZR 12 2500379511 LM4040BIM3X-3.0/NOPB 13 2500379614 LM4040D41IDBZR 14 250044611 LM4041C12QDBZR 15 2500459314 LM4040C50QDBZR 16 2500459514 LM4040C20QDBZR 17 2500459814 LM4040DIM3X-3.0/NOPB 18 2500459914 LM4040DIM3X-5.0/NOPB 19 2500549114 LM4040D30IDBZR 20 2500549214 LM4040D50IDBZR | X32: 20230228000.1 | Y32: =VLOOKUP(D:D,Sheet1!A:D,4,FALSE) -> YES
A33: ISO6720FBDR | B33: DAISY | C33: 2542024208 | D33: =VLOOKUP(C33,工作表2!A:C,3,0) -> ISO6720FBDR | F33: 2401+5 | G33: 45584 | H33: =VLOOKUP(D:D,[1]results!$A:$AE,31,FALSE) -> INT-ISO | L33: 24000 | N33: 24000 | O33: Y | P33: PCN10H21020240809031513 PCN10H21020230310110902 PCN10H21020230210034659 | Q33: 3 | R33: Y | S33: Y | T33: PCN10H21020230310110902 | U33: PCN10H21020230310110902 PCN10H21020230210034659 | V33: PCN10H21020240809031513:Process change, Material change;Add Cu as Alternative Wire Base Metal for Selected Device(s) PCN10H21020230310110902:Design change;Datasheet for ISO672x PCN10H21020230210034659:Site change,Process change;Qualification of RFAB as an additional Fab site option for select LBC8 devices | W33: 1 2520063141 OPA2277UA/2K5 | X33: 20230228008.1 | Y33: =VLOOKUP(D:D,Sheet1!A:D,4,FALSE) -> #N/A
A34: LP2985-33DBVR | B34: JINGJING | C34: 2500235014 | D34: =VLOOKUP(C34,工作表2!A:C,3,0) -> LP2985-33DBVR | H34: =VLOOKUP(D:D,[1]results!$A:$AE,31,FALSE) -> LP-MWL | L34: 6000 | N34: 6000 | O34: Y | P34: PCN10H21020240911110514 PCN10H21020240923100040 PCN10H21020241209052044 PCN10H21020250506044328 PCN10H21020250926113837 | Q34: 5 | R34: Y | S34: Y | T34: PCN10H21020240911110514 | U34: PCN10H21020240911110514 | V34: PCN10H21020240911110514:Process change, Site change, Material change, Design change;Qualification of RFAB Wafer Fab site using qualified Process Technology, Die Revision and additional Assembly site/BOM options for select devices PCN10H21020250506044328:Process change:Pin one Device symbolization update for Select SOT Devices PCN10H21020241209052044:Process change;Pin one Device symbolization update for Select SOT Devices | W34: 1 2520121314M TLC2272AQPWRQ1 2 2520121414M TLC2274AQPWRQ1 3 2520201614M TLV2374QPWRG4Q1 4 2520270814M TLV272QDRQ1 5 2520277114M TLV2474APWPRQ1 6 2540485008M TRS3232EQPWRQ1 | X34: 20230306002.2 | Y34: =VLOOKUP(D:D,Sheet1!A:D,4,FALSE) -> #N/A
A35: CD4504BM96 | B35: YUHUA | C35: 2600255008 | D35: =VLOOKUP(C35,工作表2!A:C,3,0) -> CD4504BM96 | H35: =VLOOKUP(D:D,[1]results!$A:$AE,31,FALSE) -> INT-TXP | O35: Y | P35: PCN10H21020250317102220 PCN10H21020241118085631 PCN10H21020241115051403 PCN10H21020240627032733 | Q35: 4 | R35: Y | S35: Y | T35: PCN10H21020250317102220 | U35: PCN10H21020241115051403 | V35: PCN10H21020250317102220 Datasheet for SNx4ACT74, SNx4AC74, SNx4ACT00, SNx4AC00, SNx4ACT10, SNx4AC32, SNx4AC10, SN74ACT32, SNx4ACT11, SNx4AC11, SNx4AC86, SNx4ACT86, SNx4ACT08, SNx4AC08, SN74ACT10-Q1, SN74AC08-Q1, CDx4AC74, CD74AC251, CDx4AC257, CDx4ACT257, CD74ACT258. CDx4AC00, CDx4AC02, CDx4AC08, CDx4ACT00, CDx4ACT08, CDx4ACT74, CD74AC151, CDx4AC153, CDx4ACT151, CD74ACT157, CDx4ACT322, CDx4AC32 PCN10H21020241115051403 Qualification of RFAB using qualified Process Technology, Die Change, and additional Assembly site & BOM options(Group 5 | W35: 1 2600368308 SN74LV06ADR 2 2600515008 SN74LV367ADR | X35: 20230327003.1 | Y35: =VLOOKUP(D:D,Sheet1!A:D,4,FALSE) -> #N/A
A36: TLVH431BQDBZR | B36: CHUNHUA | C36: 2500434214 | D36: =VLOOKUP(C36,工作表2!A:C,3,0) -> TLVH431BQDBZR | H36: =VLOOKUP(D:D,[1]results!$A:$AE,31,FALSE) -> LP-VRS | L36: 54000 | M36: 10 | N36: 54010 | O36: Y | P36: PCN10H21020250506044328 PCN10H21020241209052044 PCN10H21020240208110646 | Q36: 3 | R36: N | S36: Y | U36: PCN10H21020240208110646 | V36: reject | W36: 1 2510400314 TPS40057PWPR | X36: 20230522004.1 | Y36: =VLOOKUP(D:D,Sheet1!A:D,4,FALSE) -> #N/A
A37: LM2903BIDGKR | B37: CHUNHUA | C37: 2522019014 | D37: =VLOOKUP(C37,工作表2!A:C,3,0) -> LM2903BIDGKR | H37: =VLOOKUP(D:D,[1]results!$A:$AE,31,FALSE) -> LAMPS-LVAC | L37: 115000 | N37: 115000 | O37: Y | P37: PCN10H21020250307103025 PCN10H21020250303045956 PCN10H21020241104115853 PCN10H21020240529021730 | Q37: 4 | R37: Y | S37: Y | T37: PCN10H21020241104115853 | U37: PCN10H21020241104115853 | V37: Qualification of RFAB using qualified Process Technology, Die Change, Assembly site (MLA) change & BOM update for select devices | W37: 1 2500466214M TLV70033QDDCRQ1 2 2500466314M TLV70012QDDCRQ1 3 2510762914M TPS62130AQRGTRQ1 4 25107629GL9 TPS62130AQRGTRQ1 5 2510770214M TPS62160QDSGRQ1 6 2510798714M TPS62162QDSGRQ1 | X37: 20230523000.2 | Y37: =VLOOKUP(D:D,Sheet1!A:D,4,FALSE) -> #N/A
A38: SN74CB3T3245PWR | B38: YUHUA | C38: 2600141308 | D38: =VLOOKUP(C38,工作表2!A:C,3,0) -> SN74CB3T3245PWR | H38: =VLOOKUP(D:D,[1]results!$A:$AE,31,FALSE) -> INT-MUX | O38: Y | P38: PCN10H21020250317102220 PCN10H21020250108043635 PCN10H21020241128062552 PCN10H21020241115050920 PCN10H21020240627032733 | Q38: 5 | R38: Y | S38: Y | T38: PCN10H21020250317102220 | U38: PCN10H21020250108043635 | V38: PCN10H21020250317102220 Datasheet for SNx4ACT74, SNx4AC74, SNx4ACT00, SNx4AC00, SNx4ACT10, SNx4AC32, SNx4AC10, SN74ACT32, SNx4ACT11, SNx4AC11, SNx4AC86, SNx4ACT86, SNx4ACT08, SNx4AC08, SN74ACT10-Q1, SN74AC08-Q1, CDx4AC74, CD74AC251, CDx4AC257, CDx4ACT257, CD74ACT258. CDx4AC00, CDx4AC02, CDx4AC08, CDx4ACT00, CDx4ACT08, CDx4ACT74, CD74AC151, CDx4AC153, CDx4ACT151, CD74ACT157, CDx4ACT322, CDx4AC32 PCN10H21020250108043635 Qualification of NFME as an additional assembly site for select devices | W38: 1 2610965208M TMS320F28075PZPQ 2 2610965708M TMS320F28075PTPQ 3 2611305108M TMS320F28377DPTPQ | X38: 20230620000.2 | Y38: =VLOOKUP(D:D,Sheet1!A:D,4,FALSE) -> #N/A
A39: LP2951ACMX/NOPB | B39: DAISY | C39: 2500102111 | D39: =VLOOKUP(C39,工作表2!A:C,3,0) -> LP2951ACMX/NOPB | H39: =VLOOKUP(D:D,[1]results!$A:$AE,31,FALSE) -> LP-MWL | J39: 2500 | L39: 30000 | N39: 32500 | O39: Y | P39: PCN10016820180212043347 PCN10005420170103101430 PCN10005420140418093459 | Q39: 3 | R39: Y | S39: N | T39: PCN10016820180212043347 | V39: PCN10016820180212043347:Process change:Notification# 20180110002 Datasheet for LP2950-N, LP2951-N Information Only PCN10005420170103101430:Material change:Qualification of SID# 101380756 Mold Compound for Select SOIC Device(s) PCN10005420140418093459:Material change;Final notification of Qualification of TI Mexico as an Additional Assembly site for Pb Free/ Green UCC devices in SOIC D Packages | W39: 1 2510003214 NE555DR 2 2520012114 LM2903DR 3 2520019014 LM2904DR 4 2520085014 LM258DR 5 2520085214 LM258ADR 6 2520090014 LM293DR 7 2520125014 LM211DR 8 2522012014 OPA2607IDR 9 2540605108 UCC27525D 10 2540773508 THVD1520DR | X39: 20230627002.1 | Y39: =VLOOKUP(D:D,Sheet1!A:D,4,FALSE) -> #N/A
A40: UC2845AQD8R | B40: DAISY | C40: 2510237814M | D40: =VLOOKUP(C40,工作表2!A:C,3,0) -> UC2845AQD8R | H40: =VLOOKUP(D:D,[1]results!$A:$AE,31,FALSE) -> HVP-ACDC | L40: 29500 | N40: 29500 | O40: Y | P40: PCN10H21020250411032907 PCN10H21020250314053135 PCN10H21020241118085631 | Q40: 3 | R40: Y | S40: Y | T40: PCN10H21020250314053135 | U40: PCN10H21020250411032907 | V40: PCN10H21020250411032907:Qualification of RFAB using qualified Process Technology & Die Change PCN10H21020250314053135:Datasheet for UC2842AQ, UC2843AQ, UC2844AQ, UC2845AQ, UC2843A-Q1 PCN10H21020241118085631:MARKING | W40: 1 2510003214 NE555DR 2 2520012114 LM2903DR 3 2520019014 LM2904DR 4 2520085014 LM258DR 5 2520085214 LM258ADR 6 2520090014 LM293DR 7 2520125014 LM211DR 8 2522012014 OPA2607IDR 9 2540605108 UCC27525D 10 2540773508 THVD1520DR | X40: 20230627002.1 | Y40: =VLOOKUP(D:D,Sheet1!A:D,4,FALSE) -> #N/A
A41: SN74LVC1T45DCKR | B41: DAISY | C41: 2600375108 | D41: =VLOOKUP(C41,工作表2!A:C,3,0) -> SN74LVC1T45DCKR | H41: =VLOOKUP(D:D,[1]results!$A:$AE,31,FALSE) -> INT-TXP | L41: 21250 | N41: 21250 | O41: Y | P41: PCN10H21020250506044328 PCN10H21020250314021530 PCN10H21020241209052044 PCN10H21020230104051533 | Q41: 4 | R41: Y | S41: Y | T41: PCN10H21020250314021530 | U41: PCN10H21020230104051533 | V41: PCN10H21020250506044328:Process change:Pin one Device symbolization update for Select SOT Devices PCN10H21020250314021530:Process change;Datasheet for SN74LVC1T45, SN74LVC2T45, SN74LVC2T45-Q1, SN74LVC1T45-Q1 PCN10H21020241209052044:Process change;Pin one Device symbolization update for Select SOT Devices PCN10H21020230104051533:Qualification of new Fab site (RFAB) using qualified Process Technology, Die Revision, and additional Assembly Sites & BOM options for select devices | W41: 1 2510003214 NE555DR 2 2520012114 LM2903DR 3 2520019014 LM2904DR 4 2520085014 LM258DR 5 2520085214 LM258ADR 6 2520090014 LM293DR 7 2520125014 LM211DR 8 2522012014 OPA2607IDR 9 2540605108 UCC27525D 10 2540773508 THVD1520DR | X41: 20230627002.1 | Y41: =VLOOKUP(D:D,Sheet1!A:D,4,FALSE) -> #N/A
A42: TXS0101DCKR | B42: DAISY | C42: 2540787708 | D42: =VLOOKUP(C42,工作表2!A:C,3,0) -> TXS0101DCKR | F42: 2508+5 | G42: 45765 | H42: =VLOOKUP(D:D,[1]results!$A:$AE,31,FALSE) -> INT-TXP | J42: 21000 | N42: 21000 | O42: Y | P42: PCN10H21020251105104332 PCN10H21020250506044328 PCN10H21020250506032129 PCN10H21020241209052044 PCN10H21020240301121055 PCN10H21020231011111106 | Q42: 6 | R42: Y | S42: Y | T42: PCN10H21020251105104332 | U42: PCN10H21020250506032129 PCN10H21020240301121055 | V42: PCN10H21020251105104332:Process change;Datasheet for TXS0101, TXB0108, and LSF0002 PCN10H21020250506044328:Process change:Pin one Device symbolization update for Select SOT Devices PCN10H21020250506032129:Process change, Site change, Material change, Design change;Qualification of RFAB as an additional Fab site option and Assembly Site (HFTF, CDAT, TIPI) options for select devices PCN10H21020241209052044:Process change;Pin one Device symbolization update for Select SOT Devices PCN10H21020240301121055:Process change, Site change, Material change, Design change;Qualification of RFAB as an additional Fab site option and Assembly Site (HFTF, CDAT, TIPI) options for select devices PCN10H21020231011111106:Backend location/Die Attach/Bonding Wire(wire size)/Bonding material/technologiz/Molding Compound/Plating/LABEL/MARKING | W42: 1 2510003214 NE555DR 2 2520012114 LM2903DR 3 2520019014 LM2904DR 4 2520085014 LM258DR 5 2520085214 LM258ADR 6 2520090014 LM293DR 7 2520125014 LM211DR 8 2522012014 OPA2607IDR 9 2540605108 UCC27525D 10 2540773508 THVD1520DR | X42: 20230627002.1 | Y42: =VLOOKUP(D:D,Sheet1!A:D,4,FALSE) -> #N/A
A43: TLV70012QDDCRQ1 | B43: DAISY | C43: 2500466314M | D43: =VLOOKUP(C43,工作表2!A:C,3,0) -> TLV70012QDDCRQ1 | H43: =VLOOKUP(D:D,[1]results!$A:$AE,31,FALSE) -> LP-LVL | J43: 21000 | N43: 21000 | O43: Y | P43: PCN10H21020250506044328 PCN10H21020241209052044 PCN10H21020230927115449 | Q43: 3 | R43: N | S43: Y | U43: PCN10H21020230927115449 | V43: PCN10H21020250506044328:Process change:Pin one Device symbolization update for Select SOT Devices PCN10H21020241209052044:Process change;Pin one Device symbolization update for Select SOT Devices PCN10H21020230927115449:Site change;Qualification of RFAB as an additional Fab site and additional wafer Probe site (SCTF & CLARK-PR) options for select devices Notify | W43: 1 2510003214 NE555DR 2 2520012114 LM2903DR 3 2520019014 LM2904DR 4 2520085014 LM258DR 5 2520085214 LM258ADR 6 2520090014 LM293DR 7 2520125014 LM211DR 8 2522012014 OPA2607IDR 9 2540605108 UCC27525D 10 2540773508 THVD1520DR | X43: 20230627002.1 | Y43: =VLOOKUP(D:D,Sheet1!A:D,4,FALSE) -> #N/A
A44: AM26LV31EIPWR | B44: DAISY | C44: 2600374108 | D44: =VLOOKUP(C44,工作表2!A:C,3,0) -> AM26LV31EIPWR | H44: =VLOOKUP(D:D,[1]results!$A:$AE,31,FALSE) -> INT-TRX | J44: 18000 | N44: 18000 | O44: Y | P44: PCN10H21020241212051217 PCN10H21020240530053808 | Q44: 2 | R44: Y | S44: Y | T44: PCN10H21020240530053808 | U44: PCN10H21020240530053808 | V44: PCN10H21020241212051217:Process change;Marking Standardization for Select Devices PCN10H21020240530053808:Process change, Site change, Material change, Design change;Qualification of RFAB using qualified Process Technology, Die Revision, Datasheet, and additional Assembly site/BOM options for select devices | W44: 1 2510003214 NE555DR 2 2520012114 LM2903DR 3 2520019014 LM2904DR 4 2520085014 LM258DR 5 2520085214 LM258ADR 6 2520090014 LM293DR 7 2520125014 LM211DR 8 2522012014 OPA2607IDR 9 2540605108 UCC27525D 10 2540773508 THVD1520DR | X44: 20230627002.1 | Y44: =VLOOKUP(D:D,Sheet1!A:D,4,FALSE) -> #N/A
A45: AMC1301DWVR | B45: DAISY | C45: 2520291014 | D45: =VLOOKUP(C45,工作表2!A:C,3,0) -> AMC1301DWVR | H45: =VLOOKUP(D:D,[1]results!$A:$AE,31,FALSE) -> DCC-ISC | J45: 7000 | L45: 6000 | N45: 13000 | O45: Y | P45: PCN10H21020260402101108 PCN10H21020250612120428 PCN10H21020230615045214 | Q45: 3 | R45: N | S45: Y | U45: PCN10H21020230615045214 | V45: PCN10H21020260402101108:Molding Compound/LABEL/MARKING PCN10H21020250612120428:Backend location/Bonding Wire(wire size)/LABEL/MARKING PCN10H21020230615045214:Qualification of new Fab site (MIHO8) using qualified Process Technology and TI Malaysia as additional Assembly site for select devices | W45: 1 2510003214 NE555DR 2 2520012114 LM2903DR 3 2520019014 LM2904DR 4 2520085014 LM258DR 5 2520085214 LM258ADR 6 2520090014 LM293DR 7 2520125014 LM211DR 8 2522012014 OPA2607IDR 9 2540605108 UCC27525D 10 2540773508 THVD1520DR | X45: 20230627002.1 | Y45: =VLOOKUP(D:D,Sheet1!A:D,4,FALSE) -> #N/A
A46: ULN2003AN | B46: RAINIE | C46: 2540122008 | D46: =VLOOKUP(C46,工作表2!A:C,3,0) -> ULN2003AN | H46: =VLOOKUP(D:D,[1]results!$A:$AE,31,FALSE) -> LP-SPS | M46: 1000 | N46: 1000 | O46: Y | P46: PCN10H21020241206054046 PCN10H21020241206053444 PCN10H21020241203050444 PCN10H21020241115111501 PCN10H21020240620105732 | Q46: 5 | R46: Y | S46: Y | T46: PCN10H21020241203050444 PCN10H21020241206054046 PCN10H21020241115111501 PCN10H21020240620105732 | U46: PCN10H21020241203050444 PCN10H21020241206054046 PCN10H21020241115111501 PCN10H21020240620105732 | V46: PCN10H21020241206054046:Process change, Site change, Material change, Design change;Qualification of RFAB using qualified Process Technology, Die Revision, and additional Assembly BOM options for select devices(group2) PCN10H21020241206053444:Process change;Datasheet for ULN200x, ULQ200x PCN10H21020241203050444:Process change:Marking Standardization for Select Devices PCN10H21020241115111501:Process change, Site change, Material change, Design change;Qualification of RFAB using qualified Process Technology, Die Revision, and additional Assembly BOM options for select devices(group2) PCN10H21020240620105732:Process change, Site change, Material change, Design change;Qualification of RFAB using qualified Process Technology, Die Revision, and additional Assembly BOM options for select devices | W46: 1 2510003214 NE555DR 2 2520012114 LM2903DR 3 2520019014 LM2904DR 4 2520085014 LM258DR 5 2520085214 LM258ADR 6 2520090014 LM293DR 7 2520125014 LM211DR 8 2522012014 OPA2607IDR 9 2540605108 UCC27525D 10 2540773508 THVD1520DR | X46: 20230627002.1 | Y46: =VLOOKUP(D:D,Sheet1!A:D,4,FALSE) -> #N/A
A47: SN74LVC1G07DCKR | B47: XUEMEI | C47: 26001742BS | D47: =VLOOKUP(C47,工作表2!A:C,3,0) -> SN74LVC1G07DCKR | H47: =VLOOKUP(D:D,[1]results!$A:$AE,31,FALSE) -> INT-LOGIC | O47: Y | P47: PCN10H21020241209052044-N PCN10H21020250506044328-N PCN10H21020250814122923-N PCN10H21020251113114646-Y | Q47: 4 | R47: Y | S47: Y | T47: PCN10H21020251113114646-Y | U47: PCN10H21020251113114646-Y | V47: RFAB ,Die Revision,Assembly site,Wafer Fab Materials/Wafer Fab Process.,Design,datasheet | W47: 1 2600081208 SN74AHCT00PWR 2 2600101408 SN74AHCT08PWR | X47: 20230629000.1 | Y47: =VLOOKUP(D:D,Sheet1!A:D,4,FALSE) -> #N/A
A48: UA78L05AIPK | B48: CHUNHUA | C48: 2500292514 | D48: =VLOOKUP(C48,工作表2!A:C,3,0) -> UA78L05AIPK | H48: =VLOOKUP(D:D,[1]results!$A:$AE,31,FALSE) -> #N/A | J48: 101000 | M48: 9000 | N48: 110000 | O48: Y | P48: PCN10H21020241119050428 PCN10H21020240206112156 PCN10H21020240206113453 | Q48: 3 | R48: N | S48: Y | U48: PCN10H21020241119050428 | V48: Process change, Site change, Material change, Design change；Qualification of additional Fab site (RFAB) using qualified Process Technology and additional BOM options for select devices | W48: 1 2500466414 TLV70433DBVR 2 2500466514 TLV70450DBVR 3 25004665BS TLV70450DBVR 4 null TLV70450DBVT | X48: 20230629003.1 | Y48: =VLOOKUP(D:D,Sheet1!A:D,4,FALSE) -> #N/A
A49: TL331BIDBVR | B49: RAINIE | C49: 2522015514 | D49: =VLOOKUP(C49,工作表2!A:C,3,0) -> TL331BIDBVR | H49: =VLOOKUP(D:D,[1]results!$A:$AE,31,FALSE) -> LAMPS-LVAC | L49: 3000 | N49: 3000 | O49: Y | P49: PCN10H21020250506044328 PCN10H21020241209052044 PCN10H21020241204015508 PCN10H21020241126093959 PCN10H21020240116100926 | Q49: 5 | R49: Y | S49: Y | T49: PCN10H21020241204015508 | U49: PCN10H21020241204015508 | V49: PCN10H21020250506044328:Process change:Pin one Device symbolization update for Select SOT Devices PCN10H21020241209052044:Process change;Pin one Device symbolization update for Select SOT Devices PCN10H21020241204015508:Process change;Datasheet for TL331B, TL391B and TL331 PCN10H21020241126093959:Material change;Qualification of new BOM for select package Devices PCN10H21020240116100926:Material change;Qualification of new BOM for select package Devices | W49: 1 2540611008 ISO5851DWR 2 2540611108 ISO5852SDWR 3 2540613308 ISO5452DW 4 2540620708 SN5452DWR 5 2540711708 ISO7842DWR 6 2540714308 ISO7841DWR 7 2540715608 UCC21520DWR 8 2540723208 UCC21521ADWR 9 2540723308 UCC21520ADWR 10 2540764808 UCC21530DWK 11 2540794008 ISO6741FDWR 12 2540796708 ISO6742FDWR 13 2542001208 ISO6742DWR 14 2542002908 ISO6731FDWR 15 2542005708 ISO6741DWR 16 2542009908 ISO6740FDWR 17 2542011008 ISO1640DWR 18 2542012108 ISO6763DWR 19 2542012208 ISO6762DWR 20 2542016008 ISO6763FDWR 21 2542024908 ISO6761DWR | X49: 20230707001.1 | Y49: =VLOOKUP(D:D,Sheet1!A:D,4,FALSE) -> #N/A
A50: TRS3232EIDR | B50: RAINIE | C50: 2540593108 | D50: =VLOOKUP(C50,工作表2!A:C,3,0) -> TRS3232EIDR | H50: =VLOOKUP(D:D,[1]results!$A:$AE,31,FALSE) -> INT-TRX | M50: 2500 | N50: 2500 | O50: Y | P50: PCN10H21020241118085631 PCN10H21020241021053404 | Q50: 2 | R50: Y | S50: Y | T50: PCN10H21020241021053404 | U50: PCN10H21020241021053404 | V50: PCN10H21020241118085631:Process change:Marking Standardization for Select Devices | W50: 1 2540611008 ISO5851DWR 2 2540611108 ISO5852SDWR 3 2540613308 ISO5452DW 4 2540620708 SN5452DWR 5 2540711708 ISO7842DWR 6 2540714308 ISO7841DWR 7 2540715608 UCC21520DWR 8 2540723208 UCC21521ADWR 9 2540723308 UCC21520ADWR 10 2540764808 UCC21530DWK 11 2540794008 ISO6741FDWR 12 2540796708 ISO6742FDWR 13 2542001208 ISO6742DWR 14 2542002908 ISO6731FDWR 15 2542005708 ISO6741DWR 16 2542009908 ISO6740FDWR 17 2542011008 ISO1640DWR 18 2542012108 ISO6763DWR 19 2542012208 ISO6762DWR 20 2542016008 ISO6763FDWR 21 2542024908 ISO6761DWR | X50: 20230707001.1 | Y50: =VLOOKUP(D:D,Sheet1!A:D,4,FALSE) -> #N/A
A51: LM4040C50IDBZR | B51: RAINIE | C51: 2500050314 | D51: =VLOOKUP(C51,工作表2!A:C,3,0) -> LM4040C50IDBZR | H51: =VLOOKUP(D:D,[1]results!$A:$AE,31,FALSE) -> LP-VRS | K51: 68 | M51: 200 | N51: 268 | O51: Y | P51: PCN10H21020250409031032 PCN10H21020250314114614 | Q51: 2 | R51: Y | S51: Y | T51: PCN10H21020250409031032 | U51: PCN10H21020250409031032 | V51: PCN10H21020250409031032:Process change;Datasheet for LM4041-N LM4041-N-Q1,TPS3123, TPS382x, LM4040, LM4041, TL4050, TL4051 PCN10H21020250314114614:Process change;Datasheet for LM4040 and LM4041 | W51: 1 2540611008 ISO5851DWR 2 2540611108 ISO5852SDWR 3 2540613308 ISO5452DW 4 2540620708 SN5452DWR 5 2540711708 ISO7842DWR 6 2540714308 ISO7841DWR 7 2540715608 UCC21520DWR 8 2540723208 UCC21521ADWR 9 2540723308 UCC21520ADWR 10 2540764808 UCC21530DWK 11 2540794008 ISO6741FDWR 12 2540796708 ISO6742FDWR 13 2542001208 ISO6742DWR 14 2542002908 ISO6731FDWR 15 2542005708 ISO6741DWR 16 2542009908 ISO6740FDWR 17 2542011008 ISO1640DWR 18 2542012108 ISO6763DWR 19 2542012208 ISO6762DWR 20 2542016008 ISO6763FDWR 21 2542024908 ISO6761DWR | X51: 20230707001.1 | Y51: =VLOOKUP(D:D,Sheet1!A:D,4,FALSE) -> #N/A
A52: TPS74701DRCR | B52: YUHUA | C52: 2500496114 | D52: =VLOOKUP(C52,工作表2!A:C,3,0) -> TPS74701DRCR | H52: =VLOOKUP(D:D,[1]results!$A:$AE,31,FALSE) -> LP-LVL | O52: Y | P52: PCN10H21020240115033512 | Q52: 1 | R52: N | S52: Y | U52: PCN10H21020240115033512 | V52: PCN10H21020240115033512 Qualification of additional Fab site (RFAB) and Assembly site (CDAT) options for select LBC7 devices | W52: 1 2600143008 AM26LS32ACDR 2 2600143608 AM26LV32IDR 3 2600374008 AM26LV32EIPWR 4 2600374308 AM26LV32EIDR | X52: 20230814006.1 | Y52: =VLOOKUP(D:D,Sheet1!A:D,4,FALSE) -> #N/A
A53: ISO7740QDWRQ1 | B53: YUHUA | C53: 2540735608M | D53: =VLOOKUP(C53,工作表2!A:C,3,0) -> ISO7740QDWRQ1 | H53: =VLOOKUP(D:D,[1]results!$A:$AE,31,FALSE) -> INT-ISO | O53: Y | P53: PCN10H21020250314113012 PCN10H21020241015040636 | Q53: 2 | R53: Y | S53: Y | T53: PCN10H21020250314113012 | U53: PCN10H21020241015040636 | V53: PCN10H21020250314113012 Datasheet for ISO774x-Q1 PCN10H21020241015040636 Qualification of additional Fab Site (RFAB), Die Revision, CDAT as wafer probe site, Assembly BOM options and device marking update for select devices | W53: 1 2611346008 F28388DPTPS 2 2611347008 F28388DZWTSR 3 2611356108 F28384SPTPS 4 2611362908 F28384DPTPS 5 2611372808 F28385DZWTSR | X53: 20230815000.1 | Y53: =VLOOKUP(D:D,Sheet1!A:D,4,FALSE) -> #N/A
A54: TPS40057PWPR | B54: YUHUA | C54: 2510400314 | D54: =VLOOKUP(C54,工作表2!A:C,3,0) -> TPS40057PWPR | H54: =VLOOKUP(D:D,[1]results!$A:$AE,31,FALSE) -> SR-WVB | O54: Y | P54: PCN10H21020241206042152 | Q54: 1 | R54: N | S54: Y | U54: PCN10H21020241206042152 | V54: PCN10H21020241206042152 Qualification of additional Fab sites (CFAB & DL-LIN) using qualified Process Technology and additional Assembly sites options for select devices | W54: 1 2611346008 F28388DPTPS 2 2611347008 F28388DZWTSR 3 2611356108 F28384SPTPS 4 2611362908 F28384DPTPS 5 2611372808 F28385DZWTSR | X54: 20230815000.1 | Y54: =VLOOKUP(D:D,Sheet1!A:D,4,FALSE) -> #N/A
A55: TMS320F28377DPTPS | B55: RAINIE | C55: 2611318208 | D55: =VLOOKUP(C55,工作表2!A:C,3,0) -> TMS320F28377DPTPS | H55: =VLOOKUP(D:D,[1]results!$A:$AE,31,FALSE) -> ASM-IND | J55: 2800 | N55: 2800 | O55: Y | P55: PCN10H21020250318101326 PCN10H21020240802035019 | Q55: 2 | R55: Y | S55: Y | T55: PCN10H21020250318101326 | U55: PCN10H21020250318101326 | V55: PCN10H21020250318101326:Process change;Datasheet for TMS320F2837xD, TMS320F2837xS, and TMS320F2807x PCN10H21020240802035019:Material change:Qualify New Assembly Material set for Selected Device(s) | W55: 1 2540716308 ISO7741FDWR 2 2540716308M ISO7741FQDWRQ1 3 2540717608 ISO7741DWR 4 2540717608M ISO7741QDWRQ1 5 2540717808 ISO7742DWR 6 2540717808M ISO7742QDWRQ1 7 2540723108 ISO7740FDWR 8 2540723108M ISO7740FQDWRQ1 9 2540733608 ISO7731FDWR 10 2540734708 ISO7742FDWR 11 2540734708M ISO7742FQDWRQ1 12 2540735608M ISO7740QDWRQ1 13 2540757508 ISO7740DWR 14 2540765308 ISO7731DWR | X55: 20230830001.2A | Y55: =VLOOKUP(D:D,Sheet1!A:D,4,FALSE) -> #N/A
A56: AM26C31QDR | B56: RAINIE | C56: 2600143308 | D56: =VLOOKUP(C56,工作表2!A:C,3,0) -> AM26C31QDR | H56: =VLOOKUP(D:D,[1]results!$A:$AE,31,FALSE) -> INT-TRX | J56: 2500 | N56: 2500 | O56: Y | P56: PCN10H21020241118085631 PCN10H21020240408043811 | Q56: 2 | R56: Y | S56: Y | T56: PCN10H21020240408043811 | U56: PCN10H21020240408043811 | V56: PCN10H21020241118085631:Process change:Marking Standardization for Select Devices PCN10H21020240408043811:Process change, Site change, Material change, Design change;Qualification of RFAB using qualified Process Technology, Die Revision, Datasheet, and additional Assembly site/BOM options for select devices | W56: 1 2540716308 ISO7741FDWR 2 2540716308M ISO7741FQDWRQ1 3 2540717608 ISO7741DWR 4 2540717608M ISO7741QDWRQ1 5 2540717808 ISO7742DWR 6 2540717808M ISO7742QDWRQ1 7 2540723108 ISO7740FDWR 8 2540723108M ISO7740FQDWRQ1 9 2540733608 ISO7731FDWR 10 2540734708 ISO7742FDWR 11 2540734708M ISO7742FQDWRQ1 12 2540735608M ISO7740QDWRQ1 13 2540757508 ISO7740DWR 14 2540765308 ISO7731DWR | X56: 20230830001.2A | Y56: =VLOOKUP(D:D,Sheet1!A:D,4,FALSE) -> #N/A
A57: CD74HC4094M96 | B57: RAINIE | C57: 2600223008 | D57: =VLOOKUP(C57,工作表2!A:C,3,0) -> CD74HC4094M96 | H57: =VLOOKUP(D:D,[1]results!$A:$AE,31,FALSE) -> INT-LOGIC | J57: 2500 | N57: 2500 | O57: Y | P57: PCN10H21020241129031753 PCN10H21020241118085631 | Q57: 2 | R57: Y | S57: Y | T57: PCN10H21020241129031753 | U57: PCN10H21020241129031753 | V57: PCN10H21020241129031753:Process change, Site change, Material change, Design change;Qualification of new Fab site (RFAB) using qualified Process Technology, Die Revision, and additional Assembly & BOM options for select devices(group2) PCN10H21020241118085631:Process change:Marking Standardization for Select Devices | W57: 1 2540716308 ISO7741FDWR 2 2540716308M ISO7741FQDWRQ1 3 2540717608 ISO7741DWR 4 2540717608M ISO7741QDWRQ1 5 2540717808 ISO7742DWR 6 2540717808M ISO7742QDWRQ1 7 2540723108 ISO7740FDWR 8 2540723108M ISO7740FQDWRQ1 9 2540733608 ISO7731FDWR 10 2540734708 ISO7742FDWR 11 2540734708M ISO7742FQDWRQ1 12 2540735608M ISO7740QDWRQ1 13 2540757508 ISO7740DWR 14 2540765308 ISO7731DWR | X57: 20230830001.2A | Y57: =VLOOKUP(D:D,Sheet1!A:D,4,FALSE) -> #N/A
A58: UCC27322DR | B58: JINGJING | C58: 2540394408 | D58: =VLOOKUP(C58,工作表2!A:C,3,0) -> UCC27322DR | H58: =VLOOKUP(D:D,[1]results!$A:$AE,31,FALSE) -> HVP-DBB | L58: 5000 | N58: 5000 | O58: Y | P58: PCN10H21020241118085631 PCN10H21020240221114349 | Q58: 2 | R58: Y | S58: Y | T58: PCN10H21020240221114349 | U58: PCN10H21020240221114349 | V58: PCN10H21020241118085631:Process change;Marking Standardization for Select Devices PCN10H21020240221114349:Process change, Site change, Material change, Design change;Qualification of RFAB using qualified Process Technology, Die Revision, Datasheet, and additional Assembly site/BOM options for select devices | Y58: =VLOOKUP(D:D,Sheet1!A:D,4,FALSE) -> #N/A
A59: LM317MDCYR | B59: RAINIE | C59: 2500182814 | D59: =VLOOKUP(C59,工作表2!A:C,3,0) -> LM317MDCYR | H59: =VLOOKUP(D:D,[1]results!$A:$AE,31,FALSE) -> LP-MWL | J59: 2500 | N59: 2500 | O59: Y | P59: PCN10H21020250814111300 PCN10H21020250506044328 PCN10H21020241209052044 | Q59: 3 | R59: N | S59: Y | T59: PCN10H21020250814111300 | U59: PCN10H21020250814111300 | V59: PCN10H21020250506044328:Process change:Pin one Device symbolization update for Select SOT Devices PCN10H21020241209052044:Process change;Pin one Device symbolization update for Select SOT Devices PCN10H21020250814111300:Process change, Site change, Material change, Design change;Qualification of RFAB using qualified Process Technology, Datasheet, and alternate BOM qualification for select devices | W59: 1 2540716308 ISO7741FDWR 2 2540716308M ISO7741FQDWRQ1 3 2540717608 ISO7741DWR 4 2540717608M ISO7741QDWRQ1 5 2540717808 ISO7742DWR 6 2540717808M ISO7742QDWRQ1 7 2540723108 ISO7740FDWR 8 2540723108M ISO7740FQDWRQ1 9 2540733608 ISO7731FDWR 10 2540734708 ISO7742FDWR 11 2540734708M ISO7742FQDWRQ1 12 2540735608M ISO7740QDWRQ1 13 2540757508 ISO7740DWR 14 2540765308 ISO7731DWR | X59: 20230830001.2A | Y59: =VLOOKUP(D:D,Sheet1!A:D,4,FALSE) -> #N/A
A60: TMS320F28377DPTPQ | B60: RAINIE | C60: 2611305108M | D60: =VLOOKUP(C60,工作表2!A:C,3,0) -> TMS320F28377DPTPQ | H60: =VLOOKUP(D:D,[1]results!$A:$AE,31,FALSE) -> ASM-AUTO | M60: 2400 | N60: 2400 | O60: Y | P60: PCN10H21020260123101816 PCN10H21020250318101326 PCN10H21020250226031321 | Q60: 3 | R60: Y | S60: Y | T60: PCN10H21020250318101326 | U60: PCN10H21020250318101326 | V60: PCN10H21020260123101816:Process change;Mold process & Topside marking change for Select devices PCN10H21020250318101326:Process change;Datasheet for TMS320F2837xD, TMS320F2837xS, and TMS320F2807x PCN10H21020250226031321:Material change;Qualification of additional low-COP wafer substrate type for select F65 products | W60: 1 2540716308 ISO7741FDWR 2 2540716308M ISO7741FQDWRQ1 3 2540717608 ISO7741DWR 4 2540717608M ISO7741QDWRQ1 5 2540717808 ISO7742DWR 6 2540717808M ISO7742QDWRQ1 7 2540723108 ISO7740FDWR 8 2540723108M ISO7740FQDWRQ1 9 2540733608 ISO7731FDWR 10 2540734708 ISO7742FDWR 11 2540734708M ISO7742FQDWRQ1 12 2540735608M ISO7740QDWRQ1 13 2540757508 ISO7740DWR 14 2540765308 ISO7731DWR | X60: 20230830001.2A | Y60: =VLOOKUP(D:D,Sheet1!A:D,4,FALSE) -> #N/A
A61: TPS4H160AQPWPRQ1 | B61: RAINIE | C61: 2540813808 | D61: =VLOOKUP(C61,工作表2!A:C,3,0) -> TPS4H160AQPWPRQ1 | H61: =VLOOKUP(D:D,[1]results!$A:$AE,31,FALSE) -> LP-SPS | J61: 2000 | N61: 2000 | O61: Y | P61: PCN10H21020241018041314 | Q61: 1 | R61: Y | S61: Y | T61: PCN10H21020241018041314 | U61: PCN10H21020241018041314 | V61: PCN10H21020241018041314:Site change;Qualification of RFAB in addition to DMOS6 for METDCU processing | W61: 1 2540716308 ISO7741FDWR 2 2540716308M ISO7741FQDWRQ1 3 2540717608 ISO7741DWR 4 2540717608M ISO7741QDWRQ1 5 2540717808 ISO7742DWR 6 2540717808M ISO7742QDWRQ1 7 2540723108 ISO7740FDWR 8 2540723108M ISO7740FQDWRQ1 9 2540733608 ISO7731FDWR 10 2540734708 ISO7742FDWR 11 2540734708M ISO7742FQDWRQ1 12 2540735608M ISO7740QDWRQ1 13 2540757508 ISO7740DWR 14 2540765308 ISO7731DWR | X61: 20230830001.2A | Y61: =VLOOKUP(D:D,Sheet1!A:D,4,FALSE) -> #N/A
A62: ISO7762FDWR | B62: RAINIE | C62: 2540598708 | D62: =VLOOKUP(C62,工作表2!A:C,3,0) -> ISO7762FDWR | H62: =VLOOKUP(D:D,[1]results!$A:$AE,31,FALSE) -> INT-ISO | J62: 2000 | N62: 2000 | O62: Y | P62: PCN10H21020240223105429 | Q62: 1 | R62: Y | S62: Y | T62: PCN10H21020240223105429 | U62: PCN10H21020240223105429 | V62: Site change, Material change, Design change;Qualification of RFAB as an additional Fab site option, Die Revision, and MLA as an additional Assembly Site options for select devices | W62: 1 2540716308 ISO7741FDWR 2 2540716308M ISO7741FQDWRQ1 3 2540717608 ISO7741DWR 4 2540717608M ISO7741QDWRQ1 5 2540717808 ISO7742DWR 6 2540717808M ISO7742QDWRQ1 7 2540723108 ISO7740FDWR 8 2540723108M ISO7740FQDWRQ1 9 2540733608 ISO7731FDWR 10 2540734708 ISO7742FDWR 11 2540734708M ISO7742FQDWRQ1 12 2540735608M ISO7740QDWRQ1 13 2540757508 ISO7740DWR 14 2540765308 ISO7731DWR | X62: 20230830001.2A | Y62: =VLOOKUP(D:D,Sheet1!A:D,4,FALSE) -> #N/A
A63: LM324N | B63: RAINIE | C63: 2520016014 | D63: =VLOOKUP(C63,工作表2!A:C,3,0) -> LM324N | H63: =VLOOKUP(D:D,[1]results!$A:$AE,31,FALSE) -> LAMPS-HVA | M63: 2000 | N63: 2000 | O63: Y | P63: PCN10H21020250106035959 PCN10H21020241231051413 PCN10H21020241231044210 PCN10H21020241231050033 | Q63: 4 | R63: Y | S63: Y | T63: PCN10H21020250106035959 PCN10H21020241231051413 PCN10H21020241231044210 PCN10H21020241231050033 | U63: PCN10H21020250106035959 PCN10H21020241231051413 PCN10H21020241231044210 PCN10H21020241231050033 | V63: PCN10H21020250106035959:Process change, Site change, Material change, Design change;Qualification of RFAB using qualified Process Technology, Die Revision, Assembly site (MLA & FMX) & alternate BOM qualification for select devices(Group 2) Category PCN10H21020241231051413:Process change, Site change, Material change, Design change;Qualification of RFAB using qualified Process Technology, Die Revision, Assembly site (MLA & FMX) & alternate BOM qualification for select devices(group4) PCN10H21020241231044210:Process change, Site change, Material change, Design change;Qualification of RFAB using qualified Process Technology, Die Revision, Assembly site (MLA & FMX) & alternate BOM qualification for select devices(group1) Category PCN10H21020241231050033:Process change, Site change, Material change, Design change;Qualification of RFAB using qualified Process Technology, Die Revision, Assembly site (MLA & FMX) & alternate BOM qualification for select devices(group2) | W63: 1 2540716308 ISO7741FDWR 2 2540716308M ISO7741FQDWRQ1 3 2540717608 ISO7741DWR 4 2540717608M ISO7741QDWRQ1 5 2540717808 ISO7742DWR 6 2540717808M ISO7742QDWRQ1 7 2540723108 ISO7740FDWR 8 2540723108M ISO7740FQDWRQ1 9 2540733608 ISO7731FDWR 10 2540734708 ISO7742FDWR 11 2540734708M ISO7742FQDWRQ1 12 2540735608M ISO7740QDWRQ1 13 2540757508 ISO7740DWR 14 2540765308 ISO7731DWR | X63: 20230830001.2A | Y63: =VLOOKUP(D:D,Sheet1!A:D,4,FALSE) -> #N/A
A64: LM339AN | B64: JINGJING | C64: 2520003214 | D64: =VLOOKUP(C64,工作表2!A:C,3,0) -> LM339AN | H64: =VLOOKUP(D:D,[1]results!$A:$AE,31,FALSE) -> LAMPS-LVAC | M64: 6000 | N64: 6000 | O64: Y | P64: PCN10H21020250530034131 | Q64: 1 | R64: Y | S64: Y | T64: PCN10H21020250530034131 | U64: PCN10H21020250530034131 | V64: PCN10H21020250530034131:Process change, Site change, Material change, Design change;Qualification of RFAB using qualified Process Technology, Die Revision, Datasheet and additional Assembly Site/BOM options for select devices | W64: MC33063AQDRQ1 | X64: 20230906000.2A | Y64: =VLOOKUP(D:D,Sheet1!A:D,4,FALSE) -> #N/A
A65: DRV5056A2QDBZR | B65: JINGJING | C65: 2521002614 | D65: =VLOOKUP(C65,工作表2!A:C,3,0) -> DRV5056A2QDBZR | H65: =VLOOKUP(D:D,[1]results!$A:$AE,31,FALSE) -> SENSING-PS | J65: 6000 | N65: 6000 | O65: Y | P65: PCN10H21020250506044328 PCN10H21020241209052044 PCN10H21020241119124316 PCN10H21020240529023450 | Q65: 4 | R65: Y | S65: Y | T65: PCN10H21020240529023450 | U65: PCN10H21020240529023450 | V65: PCN10H21020250506044328:Process change:Pin one Device symbolization update for Select SOT Devices PCN10H21020241209052044:Process change;Pin one Device symbolization update for Select SOT Devices PCN10H21020240529023450:Process change, Site change, Material change, Design change;Qualification of RFAB as an additional Fab site and Die Revision option for select devices | W65: 1 2540396208 ISO1050DUBR 2 2540531008 ISO15DWR 3 2540531308 ISO3082DWR 4 2540721608 ISO3086TDWR 5 2540731408 ISO1050DWR | X65: 20230906002.1 | Y65: =VLOOKUP(D:D,Sheet1!A:D,4,FALSE) -> #N/A
A66: TPS65216D0RSLR | B66: RAINIE | C66: 2510987214 | D66: =VLOOKUP(C66,工作表2!A:C,3,0) -> TPS65216D0RSLR | H66: =VLOOKUP(D:D,[1]results!$A:$AE,31,FALSE) -> IPP-PMIC | J66: 2500 | N66: 2500 | O66: Y | P66: PCN10H21020260309145715 PCN10H21020260211144407 PCN10H21020260205105502 PCN10H21020251204090755 | Q66: 4 | R66: Y | S66: Y | T66: PCN10H21020260211144407 PCN10H21020260205105502 | U66: PCN10H21020260211144407 PCN10H21020260205105502 | V66: PCN10H21020260309145715:Material change;TPS65216D0RSLR marking change only PCN10H21020260211144407:Design change;TPS65216 Power Management IC (PMIC) With 4 DC/DC Converters, 1 LDO, and Integrated Power Sequencing PCN10H21020260205105502:Process change;TPS65216 Power Management IC (PMIC) With 4 DC/DC Converters, 1 LDO, and Integrated Power Sequencing PCN10H21020251204090755:Material change;Qualification of an additional material set for select devices in the QFN package | W66: 1 2540396208 ISO1050DUBR 2 2540531008 ISO15DWR 3 2540531308 ISO3082DWR 4 2540721608 ISO3086TDWR 5 2540731408 ISO1050DWR | X66: 20230906002.1 | Y66: =VLOOKUP(D:D,Sheet1!A:D,4,FALSE) -> #N/A
A67: SN65176BDR | B67: CHUNHUA | C67: 2600178008 | D67: =VLOOKUP(C67,工作表2!A:C,3,0) -> SN65176BDR | F67: 2244+5 | G67: 44950 | H67: =VLOOKUP(D:D,[1]results!$A:$AE,31,FALSE) -> INT-TRX | J67: 405000 | L67: 10600 | M67: 7500 | N67: 423100 | O67: Y | P67: PCN10H21020241118085631 PCN10H21020250915125042 | Q67: 2 | R67: N | S67: Y | U67: PCN10H21020250915125042 | V67: Process change, Site change, Material change, Design change | W67: 1 2500122914 UA78L05ACPK 2 2500144414 UA78L12ACPK 3 2500292514 UA78L05AIPK 4 2500525014 UA78L15ACPK | X67: 20230927001.1 | Y67: =VLOOKUP(D:D,Sheet1!A:D,4,FALSE) -> #N/A
A68: LM258DR | B68: CHUNHUA | C68: 2520085014 | D68: =VLOOKUP(C68,工作表2!A:C,3,0) -> LM258DR | H68: =VLOOKUP(D:D,[1]results!$A:$AE,31,FALSE) -> LAMPS-HVA | J68: 230000 | L68: 5000 | N68: 235000 | O68: Y | P68: PCN10H21020241118085631 PCN10H21020241008041320 | Q68: 2 | R68: N | S68: Y | U68: PCN10H21020241008041320 | V68: Qualification of new Fab site (RFAB) using qualified Process Technology, Die Revision and additional BOM elements for select devices | W68: 1 2500122914 UA78L05ACPK 2 2500144414 UA78L12ACPK 3 2500292514 UA78L05AIPK 4 2500525014 UA78L15ACPK | X68: 20230927001.1 | Y68: =VLOOKUP(D:D,Sheet1!A:D,4,FALSE) -> #N/A
A69: LM4040BIM3X-3.0/NOPB | B69: CHUNHUA | C69: 2500379511 | D69: =VLOOKUP(C69,工作表2!A:C,3,0) -> LM4040BIM3X-3.0/NOPB | H69: =VLOOKUP(D:D,[1]results!$A:$AE,31,FALSE) -> LP-VRS | L69: 99000 | N69: 99000 | O69: Y | P69: PCN10H21020250506044328 PCN10H21020250220042307 PCN10H21020241211041458 PCN10H21020241211042808 PCN10H21020241209052044 PCN10H21020241128051559 | Q69: 6 | R69: N | S69: Y | T69: NA | U69: PCN10H21020241211041458 | V69: Process change, Site change, Material change, Design change Qualification of new Fab site (RFAB) using qualified Process Technology, Die Revision, and additional Assembly & BOM option for select devices(group1) | W69: 1 2500122914 UA78L05ACPK 2 2500144414 UA78L12ACPK 3 2500292514 UA78L05AIPK 4 2500525014 UA78L15ACPK | X69: 20230927001.1 | Y69: =VLOOKUP(D:D,Sheet1!A:D,4,FALSE) -> #N/A
A70: ISO7721DR | B70: DAISY | C70: 2540753708 | D70: =VLOOKUP(C70,工作表2!A:C,3,0) -> ISO7721DR | H70: =VLOOKUP(D:D,[1]results!$A:$AE,31,FALSE) -> INT-ISO | L70: 17500 | N70: 17500 | O70: Y | P70: PCN10H21020241226120620 | Q70: 1 | R70: Y | S70: Y | T70: PCN10H21020241226120620 | U70: PCN10H21020241226120620 | V70: PCN10H21020241226120620:Process change;Datasheet for ISO772x, ISO7710-Q1, ISO772x-Q1, ISO7710, ISO774x, ISO773x-Q1, ISO774x-Q1, and ISO773x | W70: 1 2520172214 OPA2376AIDR 2 2520292214 OPA2376AIDGKR | X70: 20231004001.1 | Y70: =VLOOKUP(D:D,Sheet1!A:D,4,FALSE) -> #N/A
A71: TPS5430DDAR | B71: CHUNHUA | C71: 2510455714 | D71: =VLOOKUP(C71,工作表2!A:C,3,0) -> TPS5430DDAR | H71: =VLOOKUP(D:D,[1]results!$A:$AE,31,FALSE) -> SR-WVB | J71: 12500 | L71: 122500 | M71: 5000 | N71: 140000 | O71: Y | P71: PCN10H21020250926124545 PCN10H21020250917125432 PCN10H21020250901144202 PCN10H21020250318114142 PCN10H21020240226114457 | Q71: 5 | R71: Y | S71: N | T71: PCN10H21020250901144202 PCN10H21020250318114142 | V71: Datasheet for TPS5410, TPS5420, TPS543x Datasheet for TPS5410, TPS5420, TPS543x | W71: 1 2500333414M TL432AQDBZRQ1 2 2500434514M TL431AQDBZRQ1 3 2500478314M TL432BQDBZRQ1 4 2500478814M TL431BQDBZRQ1 | X71: 20231016003.2 | Y71: =VLOOKUP(D:D,Sheet1!A:D,4,FALSE) -> YES
A72: TL431BIDR | B72: CHUNHUA | C72: 2500172214 | D72: =VLOOKUP(C72,工作表2!A:C,3,0) -> TL431BIDR | H72: =VLOOKUP(D:D,[1]results!$A:$AE,31,FALSE) -> LP-VRS | J72: 102500 | N72: 102500 | O72: Y | P72: PCN10H21020241118085631 PCN10H21020240904101836 | Q72: 2 | R72: N | S72: Y | U72: ProcessPCN10H21020240904101836 | V72: change, Site change, Material change, Design change；Qualification of RFAB using qualified Process Technology, Die Revision, and additional Assembly BOM options for select devices | W72: 1 2500333414M TL432AQDBZRQ1 2 2500434514M TL431AQDBZRQ1 3 2500478314M TL432BQDBZRQ1 4 2500478814M TL431BQDBZRQ1 | X72: 20231016003.2 | Y72: YES
A73: UC2844ADTR | B73: XUEMEI | C73: 2510074114 | D73: =VLOOKUP(C73,工作表2!A:C,3,0) -> UC2844ADTR | H73: =VLOOKUP(D:D,[1]results!$A:$AE,31,FALSE) -> HVP-ACDC | O73: Y | P73: PCN10H21020241231040349-Y PCN10H21020250220051144-N | Q73: 2 | R73: Y | S73: Y | T73: N | U73: PCN10H21020241231040349-Y | V73: RFAB，Die Revision, Assembly site,material,process | W73: 1 2600143908 AM26C32IDR 2 2600374508 AM26C32IPWR | X73: 20231031003.1 | Y73: =VLOOKUP(D:D,Sheet1!A:D,4,FALSE) -> #N/A
A74: LP2980AIM5-3.3/NOPB | B74: YUHUA | C74: 2500242414 | D74: =VLOOKUP(C74,工作表2!A:C,3,0) -> LP2980AIM5-3.3/NOPB | H74: =VLOOKUP(D:D,[1]results!$A:$AE,31,FALSE) -> LP-MWL | O74: Y | P74: PCN10H21020240227112442 | Q74: 1 | R74: N | S74: Y | U74: PCN10H21020240227112442 | V74: PCN10H21020240227112442 Qualification of DFAB as an additional Fab Site option for select devices | W74: 1 2600143908 AM26C32IDR 2 2600374508 AM26C32IPWR | X74: 20231031003.1 | Y74: =VLOOKUP(D:D,Sheet1!A:D,4,FALSE) -> #N/A
A75: LM2902KAVQPWR | B75: DAISY | C75: 2520036614 | D75: =VLOOKUP(C75,工作表2!A:C,3,0) -> LM2902KAVQPWR | F75: 2521+5 | G75: 45821 | H75: =VLOOKUP(D:D,[1]results!$A:$AE,31,FALSE) -> LAMPS-HVA | L75: 18000 | N75: 18000 | O75: Y | P75: PCN10H21020250106035330 PCN10H21020241231051413 PCN10H21020241231044210 PCN10H21020241231050033 PCN10H21020241128062552 | Q75: 5 | R75: N | S75: Y | U75: PCN10H21020250106035330 PCN10H21020241231051413 PCN10H21020241231044210 PCN10H21020241231050033 | V75: PCN10H21020250106035330:Process change, Site change, Material change, Design change;Qualification of RFAB using qualified Process Technology, Die Revision, Assembly site (MLA & FMX) & alternate BOM qualification for select devices(group1) PCN10H21020241231051413:Process change, Site change, Material change, Design change;Qualification of RFAB using qualified Process Technology, Die Revision, Assembly site (MLA & FMX) & alternate BOM qualification for select devices(group4) PCN10H21020241231044210:Process change, Site change, Material change, Design change;Qualification of RFAB using qualified Process Technology, Die Revision, Assembly site (MLA & FMX) & alternate BOM qualification for select devices(group1) PCN10H21020241231050033:Process change, Site change, Material change, Design change;Qualification of RFAB using qualified Process Technology, Die Revision, Assembly site (MLA & FMX) & alternate BOM qualification for select devices(group2) PCN10H21020241128062552:Process change;TSSOP and SOT Symbolization update for select devices | W75: 1 2520170214 TL331IDBVR 2 2520269014 TL331KDBVR | X75: 20231031006.1 | Y75: =VLOOKUP(D:D,Sheet1!A:D,4,FALSE) -> YES
A76: SN74LV367ADR | B76: DAISY | C76: 2600515008 | D76: =VLOOKUP(C76,工作表2!A:C,3,0) -> SN74LV367ADR | H76: =VLOOKUP(D:D,[1]results!$A:$AE,31,FALSE) -> INT-LOGIC | J76: 15000 | N76: 15000 | O76: Y | P76: PCN10H21020231019113354 PCN10H21020230404092724 | Q76: 2 | R76: Y | S76: Y | T76: PCN10H21020230404092724 | U76: PCN10H21020231019113354 | V76: PCN10H21020230404092724:Datasheet for SN74LV573A, SN74LV367A, SN74LV174A, SN74LV175A, SN74LV540A, SN74LV244A, SN74LV273A, SN74LV541A, SN74LV164A, SN74LV595A, SN74LV374A, SN74LV595A-Q1, and SN74LV373A-Q1 PCN10H21020231019113354:Qualification of new Fab site (RFAB) using qualified Process Technology, Die Revision, and additional Assembly & BOM options for select devices | W76: 1 2520170214 TL331IDBVR 2 2520269014 TL331KDBVR | X76: 20231031006.1 | Y76: YES
A77: TPS3813K33QDBVRQ1 | B77: RAINIE | C77: 2510592314 | D77: =VLOOKUP(C77,工作表2!A:C,3,0) -> TPS3813K33QDBVRQ1 | H77: =VLOOKUP(D:D,[1]results!$A:$AE,31,FALSE) -> LP-VRS | M77: 3000 | N77: 3000 | O77: Y | P77: PCN10H21020250506044328 PCN10H21020241209052044 PCN10H21020241119024705 | Q77: 3 | R77: N | S77: Y | T77: PCN10H21020241119024705 | U77: PCN10H21020241119024705 | V77: PCN10H21020250506044328:Process change:Pin one Device symbolization update for Select SOT Devices PCN10H21020241209052044:Process change;Pin one Device symbolization update for Select SOT Devices PCN10H21020241119024705:Process change, Site change, Material change, Design change;Qualification of RFAB using qualified Process Technology, Die Revision, and additional Assembly/Test site options | W77: 1 2540715608 UCC21520DWR | X77: 20231109003.1 | Y77: =VLOOKUP(D:D,Sheet1!A:D,4,FALSE) -> #N/A
A78: LM324DR | B78: JINGJING | C78: 2520016414 | D78: =VLOOKUP(C78,工作表2!A:C,3,0) -> LM324DR | F78: 2534+5 | G78: 45968 | H78: =VLOOKUP(D:D,[1]results!$A:$AE,31,FALSE) -> LAMPS-HVA | M78: 5000 | N78: 5000 | O78: Y | P78: PCN10H21020241118085631 PCN10H21020241202012940 PCN10H21020241231044210 PCN10H21020241231050033 PCN10H21020241231051413 PCN10H21020250106040435 | Q78: 6 | R78: Y | S78: Y | T78: PCN10H21020241231051413 | U78: PCN10H21020241231051413 | V78: PCN10H21020241118085631:Process change;Marking Standardization for Select Devices PCN10H21020241202012940:Site change, Material change;Qualification of ASESH as an Additional Assembly Site for Select Devices in the 8/14/16 pin SOIC (D) packages using NiPdAuAg Leadframe PCN10H21020241231051413:Process change, Site change, Material change, Design change;Qualification of RFAB using qualified Process Technology, Die Revision, Assembly site (MLA & FMX) & alternate BOM qualification for select devices(group4) | W78: 1 2540541408M TXS0102QDCURQ1 | X78: 20231128000.2 | Y78: =VLOOKUP(D:D,Sheet1!A:D,4,FALSE) -> #N/A
A79: UCC27425DR | B79: XUEMEI | C79: 2540536108 | D79: =VLOOKUP(C79,工作表2!A:C,3,0) -> UCC27425DR | H79: =VLOOKUP(D:D,[1]results!$A:$AE,31,FALSE) -> HVP-DBB | M79: 50 | N79: 50 | O79: Y | P79: PCN10H21020240221114349-Y PCN10H21020250220051144-N | Q79: 2 | R79: Y | S79: Y | T79: PCN10H21020240221114349-Y | U79: PCN10H21020240221114349-Y | V79: RFAB ,Die Revision, Datasheet, and additional Assembly site/BOM options for select devices | W79: 1 2600088308 SN74LV14APWR 2 2600092808 SN74LV08APWR 3 2600147308 SN74LV32APWR | X79: 20220926000.1 | Y79: =VLOOKUP(D:D,Sheet1!A:D,4,FALSE) -> #N/A
A80: UCC27525DR | B80: CHUNHUA | C80: 2540605108 | D80: =VLOOKUP(C80,工作表2!A:C,3,0) -> UCC27525DR | H80: =VLOOKUP(D:D,[1]results!$A:$AE,31,FALSE) -> HVP-DBB | L80: 100000 | N80: 100000 | O80: Y | P80: PCN10H21020241008041320 | Q80: 1 | R80: N | S80: Y | U80: PCN10H21020241008041320 | V80: Qualification of new Fab site (RFAB) using qualified Process Technology, Die Revision and additional BOM elements for select devices | Y80: =VLOOKUP(D:D,Sheet1!A:D,4,FALSE) -> #N/A
A81: AM26C32IPWR | B81: DAISY | C81: 2600374508 | D81: =VLOOKUP(C81,工作表2!A:C,3,0) -> AM26C32IPWR | H81: =VLOOKUP(D:D,[1]results!$A:$AE,31,FALSE) -> INT-TRX | J81: 40000 | N81: 40000 | O81: Y | P81: PCN10H21020241008040347 PCN10H21020240220104458 | Q81: 2 | R81: N | S81: Y | U81: PCN10H21020241008040347 PCN10H21020240220104458 | V81: PCN10H21020241008040347:Process change, Site change, Material change, Design change;Qualification of RFAB using qualified Process Technology, Die Revision, datasheet, and additional Assembly site/BOM options for select devices PCN10H21020240220104458:Process change, Site change, Material change, Design change;Qualification of RFAB using qualified Process Technology, Die Revision, datasheet, and additional Assembly site/BOM options for select device | W81: 1 2510781514 LM53600AQDSXRQ1 2 2510789414 LM53600NQDSXRQ1 3 2511001314 BQ79606APHPRQ1 4 2513004114M LM51551QDSSRQ1 5 2513005514M TPS560430YQDBVRQ1 6 2513009414M LM5155QDSSRQ1 7 2513023214M LM5156QDSSRQ1 8 2513034914M LM5156HQPWPRQ1 9 2513057414M LMR50410Y5FQDBVRQ1 10 25130646VK LM51561HQPWPRQ1 11 2513074814M LMR50410YFQDBVRQ1 12 2540776408M TLIN1021DRQ1 13 2540808008M TPS1H100AQPWPRQ1 14 2540808508 TPS1H100BQPWPRQ1 15 2540808508M TPS1H100BQPWPRQ1 16 2540813808 TPS4H160AQPWPRQ1 17 2540816708 TPS4H160BQPWPRQ1 18 2540817908 TPS1H000AQDGNRQ1 19 2542007208M TCAN1057AVDRQ1 20 2542013608M TCAN1057ADRQ1 21 2542028108 TCAN1044VDRQ1 22 2600274608M TMUX1308QDYYRQ1 23 2600275508M TMUX1309QDYYRQ1 | X81: 20231221003.1 | Y81: =VLOOKUP(D:D,Sheet1!A:D,4,FALSE) -> #N/A
A82: TXS0101DBVR | B82: RAINIE | C82: 2540541008 | D82: =VLOOKUP(C82,工作表2!A:C,3,0) -> TXS0101DBVR | F82: 2532+5 | G82: 45912 | H82: =VLOOKUP(D:D,[1]results!$A:$AE,31,FALSE) -> INT-TXP | J82: 346 | N82: 346 | O82: Y | P82: PCN10H21020251105104332 PCN10H21020250506044328 PCN10H21020250506032129 PCN10H21020241209052044 PCN10H21020240301121055 | Q82: 5 | R82: Y | S82: Y | T82: PCN10H21020251105104332 | U82: PCN10H21020251105104332 PCN10H21020250506032129 PCN10H21020240301121055 | V82: PCN10H21020251105104332:Process change;Datasheet for TXS0101, TXB0108, and LSF0002 PCN10H21020250506044328:Pin one Device symbolization update for Select SOT Devices PCN10H21020250506032129:Process change, Site change, Material change, Design change;Qualification of RFAB as an additional Fab site option and Assembly Site (HFTF, CDAT, TIPI) options for select devices PCN10H21020241209052044:Pin one Device symbolization update for Select SOT Devices PCN10H21020240301121055:Process change, Site change, Material change, Design change;Qualification of RFAB as an additional Fab site option and Assembly Site (HFTF, CDAT, TIPI) options for select devices | W82: 1 2510781514 LM53600AQDSXRQ1 2 2510789414 LM53600NQDSXRQ1 3 2511001314 BQ79606APHPRQ1 4 2513004114M LM51551QDSSRQ1 5 2513005514M TPS560430YQDBVRQ1 6 2513009414M LM5155QDSSRQ1 7 2513023214M LM5156QDSSRQ1 8 2513034914M LM5156HQPWPRQ1 9 2513057414M LMR50410Y5FQDBVRQ1 10 25130646VK LM51561HQPWPRQ1 11 2513074814M LMR50410YFQDBVRQ1 12 2540776408M TLIN1021DRQ1 13 2540808008M TPS1H100AQPWPRQ1 14 2540808508 TPS1H100BQPWPRQ1 15 2540808508M TPS1H100BQPWPRQ1 16 2540813808 TPS4H160AQPWPRQ1 17 2540816708 TPS4H160BQPWPRQ1 18 2540817908 TPS1H000AQDGNRQ1 19 2542007208M TCAN1057AVDRQ1 20 2542013608M TCAN1057ADRQ1 21 2542028108 TCAN1044VDRQ1 22 2600274608M TMUX1308QDYYRQ1 23 2600275508M TMUX1309QDYYRQ1 | X82: 20231221003.1 | Y82: =VLOOKUP(D:D,Sheet1!A:D,4,FALSE) -> #N/A
A83: ISO1640DWR | B83: XUEMEI | C83: 2542011008 | D83: =VLOOKUP(C83,工作表2!A:C,3,0) -> ISO1640DWR | H83: =VLOOKUP(D:D,[1]results!$A:$AE,31,FALSE) -> INT-ISO | L83: 160 | N83: 160 | O83: Y | P83: PCN10H21020230302091913-N PCN10H21020241209053421-N | Q83: 2 | R83: Y | S83: N | T83: N | U83: N | W83: 1 2510781514 LM53600AQDSXRQ1 2 2510789414 LM53600NQDSXRQ1 3 2511001314 BQ79606APHPRQ1 4 2513004114M LM51551QDSSRQ1 5 2513005514M TPS560430YQDBVRQ1 6 2513009414M LM5155QDSSRQ1 7 2513023214M LM5156QDSSRQ1 8 2513034914M LM5156HQPWPRQ1 9 2513057414M LMR50410Y5FQDBVRQ1 10 25130646VK LM51561HQPWPRQ1 11 2513074814M LMR50410YFQDBVRQ1 12 2540776408M TLIN1021DRQ1 13 2540808008M TPS1H100AQPWPRQ1 14 2540808508 TPS1H100BQPWPRQ1 15 2540808508M TPS1H100BQPWPRQ1 16 2540813808 TPS4H160AQPWPRQ1 17 2540816708 TPS4H160BQPWPRQ1 18 2540817908 TPS1H000AQDGNRQ1 19 2542007208M TCAN1057AVDRQ1 20 2542013608M TCAN1057ADRQ1 21 2542028108 TCAN1044VDRQ1 22 2600274608M TMUX1308QDYYRQ1 23 2600275508M TMUX1309QDYYRQ1 | X83: 20231221003.1 | Y83: =VLOOKUP(D:D,Sheet1!A:D,4,FALSE) -> #N/A
A84: AM26C32IDR | B84: CHUNHUA | C84: 2600143908 | D84: =VLOOKUP(C84,工作表2!A:C,3,0) -> AM26C32IDR | H84: =VLOOKUP(D:D,[1]results!$A:$AE,31,FALSE) -> INT-TRX | J84: 87500 | N84: 87500 | O84: Y | P84: PCN10H21020241118085631 PCN10H21020241008040347 EOL10H21020240927122325 PCN10H21020240220104458 EOL10H21020240207104610 EOL10H21020240105034724 | Q84: 6 | R84: N | S84: Y | U84: PCN10H21020241008040347 | V84: Process change, Site change, Material change, Design change Qualification of RFAB using qualified Process Technology, Die Revision, datasheet, and additional Assembly site/BOM options for select devices | W84: 1 2500625514 TL431IDBVR 2 25006255BS TL431IDBVR | X84: 20240116000.1 | Y84: =VLOOKUP(D:D,Sheet1!A:D,4,FALSE) -> #N/A
A85: LMV324QPWR | B85: XUEMEI | C85: 2520017414 | D85: =VLOOKUP(C85,工作表2!A:C,3,0) -> LMV324QPWR | H85: =VLOOKUP(D:D,[1]results!$A:$AE,31,FALSE) -> LAMPS-LVAC | M85: 200 | N85: 200 | O85: Y | P85: PCN10H21020210825034656 PCN10H21020241128062552 | Q85: 2 | R85: Y | S85: Y | T85: N | U85: PCN10H21020210825034656 | V85: Fab site (RFAB) and Assembly site,Assembly material ,design | W85: 1 2542018608 ISO6721FQDWVRQ1 | X85: 20240313001.2 | Y85: =VLOOKUP(D:D,Sheet1!A:D,4,FALSE) -> #N/A
A86: TLV2371IDBVR | B86: DAISY | C86: 2520201214 | D86: =VLOOKUP(C86,工作表2!A:C,3,0) -> TLV2371IDBVR | H86: =VLOOKUP(D:D,[1]results!$A:$AE,31,FALSE) -> LAMPS-HVA | L86: 42800 | N86: 42800 | O86: Y | P86: PCN10H21020250506044328 PCN10H21020241209052044 PCN10H21020220718035200 | Q86: 3 | R86: N | S86: Y | U86: PCN10H21020220718035200 | V86: PCN10H21020250506044328:Process change:Pin one Device symbolization update for Select SOT Devices PCN10H21020241209052044:Process change;Pin one Device symbolization update for Select SOT Devices PCN10H21020220718035200:WAFER Diameter(add CFAB):USA->CN | W86: 1 2510592314 TPS3813K33QDBVRQ1 2 2510592314M TPS3813K33QDBVRQ1 | X86: 20240327001.2 | Y86: =VLOOKUP(D:D,Sheet1!A:D,4,FALSE) -> #N/A
A87: TL432AQDBZR | B87: XUEMEI | C87: 2500333414 | D87: =VLOOKUP(C87,工作表2!A:C,3,0) -> TL432AQDBZR | H87: =VLOOKUP(D:D,[1]results!$A:$AE,31,FALSE) -> LP-VRS | O87: Y | P87: PCN10H21020231019093447-Y PCN10H21020220923111222-Y PCN10H21020241209052044-N PCN10H21020250220042307-N PCN10H21020250506044328-N | Q87: 5 | R87: Y | S87: Y | T87: N | U87: PCN10H21020231019093447-Y PCN10H21020220923111222 | V87: RFAB，Die Revision, Assembly site,material,process RFAB ,Die Revision,Assembly site,Wafer Fab Materials/Wafer Fab Process | W87: 1 2600143808 AM26C31IDR | X87: 20240328001.1 | Y87: =VLOOKUP(D:D,Sheet1!A:D,4,FALSE) -> #N/A
A88: LP2981-33DBVR | B88: YUHUA | C88: 2500469114 | D88: =VLOOKUP(C88,工作表2!A:C,3,0) -> LP2981-33DBVR | F88: 2421+5 | G88: 45500 | H88: =VLOOKUP(D:D,[1]results!$A:$AE,31,FALSE) -> LP-MWL | O88: N | S88: Y | W88: 1 2600374408 AM26C31IPWR | X88: 20240328001.1 | Y88: =VLOOKUP(D:D,Sheet1!A:D,4,FALSE) -> #N/A
A89: SN74AHC1G126DBVR | B89: DAISY | C89: 2600037808 | D89: =VLOOKUP(C89,工作表2!A:C,3,0) -> SN74AHC1G126DBVR | F89: 2506+5 | G89: 45730 | H89: =VLOOKUP(D:D,[1]results!$A:$AE,31,FALSE) -> INT-LOGIC | J89: 48000 | N89: 48000 | O89: Y | P89: PCN10H21020250506044328 PCN10H21020250410121746 PCN10H21020250408124228 PCN10H21020241209052044 PCN10H21020240226113556 PCN10005420140424031836 | Q89: 6 | R89: N | S89: Y | U89: PCN10H21020250410121746 PCN10H21020240226113556 | V89: PCN10H21020250506044328:Process change:Pin one Device symbolization update for Select SOT Devices PCN10H21020250410121746:WAFER Diameter(add RFAB) PCN10H21020250408124228:LABEL/MARKING PCN10H21020241209052044:Process change;Pin one Device symbolization update for Select SOT Devices PCN10H21020240226113556:WAFER Diameter(add RFAB) PCN10005420140424031836:Material change;Final Notification of Additional Green Mold Compound for Manufacture of 5 / 6 Pin DBV Package at Nantong Fujitsu in Jiangsu, China | W89: TPS5410DR | X89: 20240424000.1 | Y89: =VLOOKUP(D:D,Sheet1!A:D,4,FALSE) -> #N/A
A90: TPS2051BDBVR | B90: DAISY | C90: 2540360908 | D90: =VLOOKUP(C90,工作表2!A:C,3,0) -> TPS2051BDBVR | H90: =VLOOKUP(D:D,[1]results!$A:$AE,31,FALSE) -> LP-SPS | J90: 3000 | M90: 48000 | N90: 51000 | O90: Y | P90: PCN10H21020250506044328 PCN10H21020241209052044 PCN10H21020230824055019 PCN10H21020230426023106 PCN10005420140424031836 | Q90: 5 | R90: Y | S90: Y | T90: PCN10H21020230824055019 | U90: PCN10H21020230426023106 | V90: PCN10H21020250506044328:Process change:Pin one Device symbolization update for Select SOT Devices PCN10H21020241209052044:Process change;Pin one Device symbolization update for Select SOT Devices PCN10H21020230824055019:Design change;Datasheet for TPS20xxB PCN10H21020230426023106:Site change;Qualification of new Fab site (RFAB) using qualified Process Technology, Die Revision, and additional Assembly & BOM option for select devices PCN10005420140424031836:Material change;Final Notification of Additional Green Mold Compound for Manufacture of 5 / 6 Pin DBV Package at Nantong Fujitsu in Jiangsu, China | W90: 1 2510520614M TLC555QDRQ1 | X90: 20240429000.2 | Y90: =VLOOKUP(D:D,Sheet1!A:D,4,FALSE) -> #N/A
A91: TPS55340RTER | B91: YUHUA | C91: 2510733514 | D91: =VLOOKUP(C91,工作表2!A:C,3,0) -> TPS55340RTER | H91: =VLOOKUP(D:D,[1]results!$A:$AE,31,FALSE) -> SR-BCC | O91: Y | P91: PCN10H21020250506044328 PCN10H21020250307051911 PCN10H21020241209052044 PCN10H21020241004114628 PCN10H21020240227113018 | Q91: 5 | R91: Y | S91: Y | T91: PCN10H21020250506044328 | U91: PCN10H21020241004114628 | V91: PCN10H21020250506044328 Process change Pin one Device symbolization update for Select SOT Devices PCN10H21020250307051911 Datasheet for LP2981x PCN10H21020241209052044 Process change Pin one Device symbolization update for Select SOT Devices PCN10H21020241004114628 Qualification of RFAB using qualified Process Technology, Die Revision and Assembly Site/BOM options for select devices | W91: 1 2600374108 AM26LV31EIPWR | X91: 20240429005.1 | Y91: =VLOOKUP(D:D,Sheet1!A:D,4,FALSE) -> #N/A
A92: TMS320F28034PNT | B92: DAISY | C92: 2610819708 | D92: =VLOOKUP(C92,工作表2!A:C,3,0) -> TMS320F28034PNT | H92: =VLOOKUP(D:D,[1]results!$A:$AE,31,FALSE) -> ASM-IND | M92: 13090 | N92: 13090 | O92: Y | P92: PCN10H21020250317035637 | Q92: 1 | R92: Y | S92: Y | T92: PCN10H21020250317035637 | U92: PCN10H21020250317035637 | V92: Process change:Datasheet for TMS320F2803x | W92: 1 2521002614 DRV5056A2QDBZR 2 2521003414 DRV5056A4QDBZR | X92: 20240502001.1 | Y92: =VLOOKUP(D:D,Sheet1!A:D,4,FALSE) -> #N/A
A93: ISO7762DWR | B93: DAISY | C93: 2540749308 | D93: =VLOOKUP(C93,工作表2!A:C,3,0) -> ISO7762DWR | H93: =VLOOKUP(D:D,[1]results!$A:$AE,31,FALSE) -> INT-ISO | L93: 18000 | N93: 18000 | O93: Y | P93: PCN10H21020240223105429 | Q93: 1 | R93: Y | S93: Y | T93: PCN10H21020240223105429 | U93: PCN10H21020240223105429 | V93: Site change, Material change, Design change;Qualification of RFAB as an additional Fab site option, Die Revision, and MLA as an additional Assembly Site options for select devices | W93: 1 2520170014 LMV331IDBVR 2 2520170114 LMV331IDCKR | X93: 20240502002.1 | Y93: =VLOOKUP(D:D,Sheet1!A:D,4,FALSE) -> #N/A
A94: ISO7763FDWR | B94: DAISY | C94: 2540741008 | D94: =VLOOKUP(C94,工作表2!A:C,3,0) -> ISO7763FDWR | H94: =VLOOKUP(D:D,[1]results!$A:$AE,31,FALSE) -> INT-ISO | M94: 18000 | N94: 18000 | O94: Y | P94: PCN10H21020240223105429 | Q94: 1 | R94: Y | S94: Y | T94: PCN10H21020240223105429 | U94: PCN10H21020240223105429 | V94: Site change, Material change, Design change;Qualification of RFAB as an additional Fab site option, Die Revision, and MLA as an additional Assembly Site options for select devices | W94: 1 2520170014 LMV331IDBVR 2 2520170114 LMV331IDCKR | X94: 20240502002.1 | Y94: =VLOOKUP(D:D,Sheet1!A:D,4,FALSE) -> #N/A
A95: UA78L15ACPK | B95: XUEMEI | C95: 2500525014 | D95: =VLOOKUP(C95,工作表2!A:C,3,0) -> UA78L15ACPK | H95: =VLOOKUP(D:D,[1]results!$A:$AE,31,FALSE) -> LP-MWL | J95: 95 | N95: 95 | O95: Y | P95: PCN10H21020230602011707-Y PCN10H21020240206112156-Y PCN10H21020241119050428-Y PCN10H21020241209052044-N PCN10H21020240206113453-Y PCN10H21020250506044328-N | Q95: 6 | R95: Y | S95: Y | T95: PCN10H21020230602011707-Y | U95: PCN10H21020230602011707-Y PCN10H21020240206112156-Y PCN10H21020241119050428-Y PCN10H21020240206113453 | V95: Electrical Specification，device number RFAB,Wafer /Assembly site&material&process RFAB ,Die Revision,Assembly site,Wafer Fab Materials/Wafer Fab Process | W95: 1 2600081808 SN74LVC00APWR 2 2600092208 SN74LVC08APWR 3 2600103808 SN74LVC125APWR 4 2600147008 SN74LVC32APWR | X95: 20240514001.1 | Y95: =VLOOKUP(D:D,Sheet1!A:D,4,FALSE) -> #N/A
A96: ISO5852SDWR | B96: YUHUA | C96: 2540611108 | D96: =VLOOKUP(C96,工作表2!A:C,3,0) -> ISO5852SDWR | H96: =VLOOKUP(D:D,[1]results!$A:$AE,31,FALSE) -> HVP-DBB | O96: Y | P96: PCN10H21020260114113527 PCN10H21020251119112137 PCN10H21020250314113012 PCN10H21020241226120620 PCN10H21020241015040636 | Q96: 5 | R96: Y | S96: Y | T96: PCN10H21020250314113012 PCN10H21020241226120620 | U96: PCN10H21020241015040636 | V96: PCN10H21020260114113527 Qualify additional BOM material for select package devices PCN10H21020251119112137 Adding TIEM-PR as additional wafer probe test site and TI Melaka (TIEM) as an additional Assembly and Test site for select package devices PCN10H21020250314113012 Datasheet for ISO774x-Q1 PCN10H21020241226120620 Datasheet for ISO772x, ISO7710-Q1, ISO772x-Q1, ISO7710, ISO774x, ISO773x-Q1, ISO774x-Q1, and ISO773x PCN10H21020241015040636 Qualification of additional Fab Site (RFAB), Die Revision, CDAT as wafer probe site, Assembly BOM options and device marking update for select devices | W96: 1 2540611008 ISO5851DWR 2 2540611108 ISO5852SDWR 3 2540613308 ISO5452DW 4 2540620708 SN5452DWR 5 2540711708 ISO7842DWR 6 2540714308 ISO7841DWR 7 2540715608 UCC21520DWR 8 2540723208 UCC21521ADWR 9 2540723308 UCC21520ADWR 10 2540764808 UCC21530DWK 11 2540794008 ISO6741FDWR 12 2540796708 ISO6742FDWR 13 2542001208 ISO6742DWR 14 2542002908 ISO6731FDWR 15 2542005708 ISO6741DWR 16 2542009908 ISO6740FDWR 17 2542011008 ISO1640DWR 18 2542012108 ISO6763DWR 19 2542012208 ISO6762DWR 20 2542016008 ISO6763FDWR 21 2542024908 ISO6761DWR | Y96: =VLOOKUP(D:D,Sheet1!A:D,4,FALSE) -> #N/A
A97: TSC2007IPWR | B97: JINGJING | C97: 2540314708 | D97: =VLOOKUP(C97,工作表2!A:C,3,0) -> TSC2007IPWR | H97: =VLOOKUP(D:D,[1]results!$A:$AE,31,FALSE) -> AUDIO-AC | J97: 10000 | N97: 10000 | O97: Y | P97: PCN10H21020240426055251 PCN10H21020241212051217 | Q97: 2 | R97: Y | S97: Y | T97: PCN10H21020240426055251 | U97: PCN10H21020240426055251 | V97: PCN10H21020240426055251:Design change;Marking Standardization for Select Devices | W97: 1 2540122008 ULN2003AN 2 2540122708 ULN2003AIPWR | X97: 20240529002.1 | Y97: =VLOOKUP(D:D,Sheet1!A:D,4,FALSE) -> #N/A
A98: TXS0108EPWR | B98: JINGJING | C98: 2540541208 | D98: =VLOOKUP(C98,工作表2!A:C,3,0) -> TXS0108EPWR | H98: =VLOOKUP(D:D,[1]results!$A:$AE,31,FALSE) -> INT-TXP | J98: 10000 | N98: 10000 | O98: Y | P98: PCN10H21020241204012325 PCN10H21020250317025719 PCN10H21020251219170109 | Q98: 3 | R98: Y | S98: Y | T98: PCN10H21020251219170109 | U98: PCN10H21020251219170109 | V98: PCN10H21020241204012325:Process change;Datasheet for TXS0108E-Q1 and TXS0108E PCN10H21020250317025719:Process change;Device symbolization update for Select Devices PCN10H21020251219170109:Process change, Site change, Material change, Design change;Qualification of RFAB as an additional Fab site option, Die Revision, Data sheet and Assembly Site (TAI)/BOM options for select devices | W98: 1 2540122008 ULN2003AN | X98: 20240529002.1(1) | Y98: =VLOOKUP(D:D,Sheet1!A:D,4,FALSE) -> #N/A
A99: TXS0102QDCURQ1 | B99: XUEMEI | C99: 2540541408M | D99: =VLOOKUP(C99,工作表2!A:C,3,0) -> TXS0102QDCURQ1 | H99: =VLOOKUP(D:D,[1]results!$A:$AE,31,FALSE) -> INT-TXP | M99: 140 | N99: 140 | O99: Y | P99: PCN10H21020240513104117-Y PCN10H21020250828093059-N PCN10H21020250918093734-N PCN10H21020260330113213-N | Q99: 4 | R99: Y | S99: Y | T99: PCN10H21020250828093059-Y Electrical Specification PCN10H21020250918093734-Y Electrical Specification PCN10H21020260330113213-Y | U99: PCN10H21020240513104117-Y RFAB,Assembly Site/Process/Materials.Test Site,Wafer Fab Site,Wafer Fab Material,Wafer Fab Process | V99: RFAB,Assembly Site/Process/Materials.Test Site,Wafer Fab Site,Wafer Fab Material,Wafer Fab Process Electrical Specification | W99: 1 2600001808 SN74ACT04DR 2 2600147508 SN74AC32PWR 3 2600259008 SN74AC08PWR 4 2600361108 SN74AC74PWR 5 2600398108 SN74AHCT367PWR | X99: 20240529005.1 | Y99: =VLOOKUP(D:D,Sheet1!A:D,4,FALSE) -> #N/A
A100: UA78L05ACDR | B100: XUEMEI | C100: 2500005303 | D100: =VLOOKUP(C100,工作表2!A:C,3,0) -> UA78L05ACDR | H100: =VLOOKUP(D:D,[1]results!$A:$AE,31,FALSE) -> LP-MWL | O100: Y | P100: PCN10H21020240207105359-Y | Q100: 1 | R100: Y | S100: Y | T100: N | U100: PCN10H21020240207105359-Y | V100: RFAB，Die Revision, Assembly site,material,process | W100: 1 2600001808 SN74ACT04DR 2 2600147508 SN74AC32PWR 3 2600259008 SN74AC08PWR 4 2600361108 SN74AC74PWR 5 2600398108 SN74AHCT367PWR | X100: 20240529005.1 | Y100: =VLOOKUP(D:D,Sheet1!A:D,4,FALSE) -> #N/A
...
